WARNING: A terminally deprecated method in sun.misc.Unsafe has been called
WARNING: sun.misc.Unsafe::allocateMemory has been called by io.netty.util.internal.PlatformDependent0$2 (file:/home/codespace/.cache/firebase/emulators/cloud-firestore-emulator-v1.22.0.jar)
WARNING: Please consider reporting this to the maintainers of class io.netty.util.internal.PlatformDependent0$2
WARNING: sun.misc.Unsafe::allocateMemory will be removed in a future release
WARNING: A restricted method in java.lang.System has been called
WARNING: java.lang.System::loadLibrary has been called by io.netty.util.internal.NativeLibraryUtil in an unnamed module (file:/home/codespace/.cache/firebase/emulators/cloud-firestore-emulator-v1.22.0.jar)
WARNING: Use --enable-native-access=ALL-UNNAMED to avoid a warning for callers in this module
WARNING: Restricted methods will be blocked in a future release unless native access is enabled

Aug 28, 2026 10:12:57 AM com.google.cloud.datastore.emulator.firestore.websocket.WebSocketServer start
INFO: Started WebSocket server on ws://127.0.0.1:9150

API endpoint: http://127.0.0.1:8080
Database Edition: STANDARD
Database Mode: CLOUD_FIRESTORE

If you are using a library that supports the FIRESTORE_EMULATOR_HOST environment variable, run:

   export FIRESTORE_EMULATOR_HOST=127.0.0.1:8080

If you are running a Firestore in Datastore Mode project, run:

   export DATASTORE_EMULATOR_HOST=127.0.0.1:8080

Note: Support for Datastore Mode is in preview. If you encounter any bugs please file at https://github.com/firebase/firebase-tools/issues.
Dev App Server is now running.

Aug 28, 2026 10:13:04 AM io.gapi.emulators.netty.HttpVersionRoutingHandler channelRead
INFO: Detected non-HTTP/2 connection.
Aug 28, 2026 10:13:04 AM io.gapi.emulators.netty.HttpVersionRoutingHandler channelRead
INFO: Detected HTTP/2 connection.
Aug 28, 2026 10:13:07 AM io.gapi.emulators.netty.HttpVersionRoutingHandler channelRead
INFO: Detected non-HTTP/2 connection.
Aug 28, 2026 10:13:08 AM com.google.cloud.datastore.emulator.impl.util.WrappedStreamObserver onError
WARNING: Operation failed: 
false for 'get' @ L159, false for 'get' @ L1179
com.google.cloud.datastore.core.exception.DatastoreException: 
false for 'get' @ L159, false for 'get' @ L1179
	at com.google.cloud.datastore.core.exception.DatastoreException$Builder.build(DatastoreException.java:152)
	at com.google.cloud.datastore.emulator.impl.rules.DefaultEmulatorRulesAuthorizer.verboseError(DefaultEmulatorRulesAuthorizer.java:349)
	at com.google.cloud.datastore.emulator.impl.rules.DefaultEmulatorRulesAuthorizer.withVerboseErrors(DefaultEmulatorRulesAuthorizer.java:326)
	at com.google.cloud.datastore.emulator.impl.rules.DefaultEmulatorRulesAuthorizer.checkLookup(DefaultEmulatorRulesAuthorizer.java:157)
	at com.google.cloud.datastore.emulator.impl.firestore.FirestoreEmulatorHelper.snapshotRead(FirestoreEmulatorHelper.java:318)
	at com.google.cloud.datastore.emulator.impl.firestore.FirestoreEmulatorHelper.lambda$read$0(FirestoreEmulatorHelper.java:265)
	at com.google.cloud.datastore.emulator.impl.transactions.EmulatorTransactionManager$ReadOnlyTransaction.fold(EmulatorTransactionManager.java:492)
	at com.google.cloud.datastore.emulator.impl.firestore.FirestoreEmulatorHelper.read(FirestoreEmulatorHelper.java:264)
	at com.google.cloud.datastore.emulator.impl.firestore.CloudFirestoreV1.getDocument(CloudFirestoreV1.java:338)
	at com.google.cloud.datastore.emulator.impl.firestore.CloudFirestoreV1Router.getDocument(CloudFirestoreV1Router.java:131)
	at com.google.cloud.datastore.emulator.impl.firestore.CloudFirestoreV1Router.getOrListDocuments(CloudFirestoreV1Router.java:125)
	at com.google.cloud.datastore.emulator.firestore.v1.FirestoreV1GrpcAdapter$1.lambda$getOrListDocuments$0(FirestoreV1GrpcAdapter.java:108)
	at com.google.cloud.datastore.emulator.firestore.v1.FirestoreV1GrpcAdapter.unary(FirestoreV1GrpcAdapter.java:72)
	at com.google.cloud.datastore.emulator.firestore.v1.FirestoreV1GrpcAdapter$1.getOrListDocuments(FirestoreV1GrpcAdapter.java:108)
	at com.google.firestore.v1.FirestoreGrpc$MethodHandlers.invoke(FirestoreGrpc.java:1376)
	at io.grpc.stub.ServerCalls$UnaryServerCallHandler$UnaryServerCallListener.onHalfClose(ServerCalls.java:182)
	at io.grpc.PartialForwardingServerCallListener.onHalfClose(PartialForwardingServerCallListener.java:35)
	at io.grpc.ForwardingServerCallListener.onHalfClose(ForwardingServerCallListener.java:23)
	at io.grpc.ForwardingServerCallListener$SimpleForwardingServerCallListener.onHalfClose(ForwardingServerCallListener.java:40)
	at io.grpc.Contexts$ContextualizedServerCallListener.onHalfClose(Contexts.java:86)
	at io.grpc.PartialForwardingServerCallListener.onHalfClose(PartialForwardingServerCallListener.java:35)
	at io.grpc.ForwardingServerCallListener.onHalfClose(ForwardingServerCallListener.java:23)
	at io.grpc.ForwardingServerCallListener$SimpleForwardingServerCallListener.onHalfClose(ForwardingServerCallListener.java:40)
	at io.grpc.Contexts$ContextualizedServerCallListener.onHalfClose(Contexts.java:86)
	at io.grpc.internal.ServerCallImpl$ServerStreamListenerImpl.halfClosed(ServerCallImpl.java:356)
	at io.grpc.internal.ServerImpl$JumpToApplicationThreadServerStreamListener$1HalfClosed.runInContext(ServerImpl.java:879)
	at io.grpc.internal.ContextRunnable.run(ContextRunnable.java:37)
	at io.grpc.internal.SerializingExecutor.run(SerializingExecutor.java:133)
	at java.base/java.util.concurrent.ThreadPoolExecutor.runWorker(ThreadPoolExecutor.java:1090)
	at java.base/java.util.concurrent.ThreadPoolExecutor$Worker.run(ThreadPoolExecutor.java:614)
	at java.base/java.lang.Thread.run(Thread.java:1474)

Aug 28, 2026 10:13:08 AM io.gapi.emulators.netty.HttpHandler$1 onError
INFO: Exception when handling request: PERMISSION_DENIED: 
false for 'get' @ L159, false for 'get' @ L1179
Aug 28, 2026 10:13:08 AM com.google.cloud.datastore.emulator.impl.util.WrappedStreamObserver onError
WARNING: Operation failed: 
evaluation error at L790:24 for 'create' @ L790, false for 'create' @ L1179, evaluation error at L798:24 for 'update' @ L798, false for 'update' @ L806, false for 'update' @ L1179, false for 'create' @ L790, false for 'create' @ L1179
com.google.cloud.datastore.core.exception.DatastoreException: 
evaluation error at L790:24 for 'create' @ L790, false for 'create' @ L1179, evaluation error at L798:24 for 'update' @ L798, false for 'update' @ L806, false for 'update' @ L1179, false for 'create' @ L790, false for 'create' @ L1179
	at com.google.cloud.datastore.core.exception.DatastoreException$Builder.build(DatastoreException.java:152)
	at com.google.cloud.datastore.emulator.impl.rules.DefaultEmulatorRulesAuthorizer.verboseError(DefaultEmulatorRulesAuthorizer.java:349)
	at com.google.cloud.datastore.emulator.impl.rules.DefaultEmulatorRulesAuthorizer.withVerboseErrors(DefaultEmulatorRulesAuthorizer.java:326)
	at com.google.cloud.datastore.emulator.impl.rules.DefaultEmulatorRulesAuthorizer.checkCommit(DefaultEmulatorRulesAuthorizer.java:113)
	at com.google.cloud.datastore.emulator.impl.firestore.FirestoreEmulatorHelper.commitHelper(FirestoreEmulatorHelper.java:407)
	at com.google.cloud.datastore.emulator.impl.firestore.FirestoreEmulatorHelper.internalCommit(FirestoreEmulatorHelper.java:348)
	at com.google.cloud.datastore.emulator.impl.firestore.CloudFirestoreV1.internalCommit(CloudFirestoreV1.java:1336)
	at com.google.cloud.datastore.emulator.impl.firestore.CloudFirestoreV1.updateDocument(CloudFirestoreV1.java:468)
	at com.google.cloud.datastore.emulator.impl.firestore.CloudFirestoreV1Router.updateDocument(CloudFirestoreV1Router.java:151)
	at com.google.cloud.datastore.emulator.firestore.v1.FirestoreV1GrpcAdapter$1.lambda$updateDocument$0(FirestoreV1GrpcAdapter.java:132)
	at com.google.cloud.datastore.emulator.firestore.v1.FirestoreV1GrpcAdapter.unary(FirestoreV1GrpcAdapter.java:72)
	at com.google.cloud.datastore.emulator.firestore.v1.FirestoreV1GrpcAdapter$1.updateDocument(FirestoreV1GrpcAdapter.java:132)
	at com.google.firestore.v1.FirestoreGrpc$MethodHandlers.invoke(FirestoreGrpc.java:1388)
	at io.grpc.stub.ServerCalls$UnaryServerCallHandler$UnaryServerCallListener.onHalfClose(ServerCalls.java:182)
	at io.grpc.PartialForwardingServerCallListener.onHalfClose(PartialForwardingServerCallListener.java:35)
	at io.grpc.ForwardingServerCallListener.onHalfClose(ForwardingServerCallListener.java:23)
	at io.grpc.ForwardingServerCallListener$SimpleForwardingServerCallListener.onHalfClose(ForwardingServerCallListener.java:40)
	at io.grpc.Contexts$ContextualizedServerCallListener.onHalfClose(Contexts.java:86)
	at io.grpc.PartialForwardingServerCallListener.onHalfClose(PartialForwardingServerCallListener.java:35)
	at io.grpc.ForwardingServerCallListener.onHalfClose(ForwardingServerCallListener.java:23)
	at io.grpc.ForwardingServerCallListener$SimpleForwardingServerCallListener.onHalfClose(ForwardingServerCallListener.java:40)
	at io.grpc.Contexts$ContextualizedServerCallListener.onHalfClose(Contexts.java:86)
	at io.grpc.internal.ServerCallImpl$ServerStreamListenerImpl.halfClosed(ServerCallImpl.java:356)
	at io.grpc.internal.ServerImpl$JumpToApplicationThreadServerStreamListener$1HalfClosed.runInContext(ServerImpl.java:879)
	at io.grpc.internal.ContextRunnable.run(ContextRunnable.java:37)
	at io.grpc.internal.SerializingExecutor.run(SerializingExecutor.java:133)
	at java.base/java.util.concurrent.ThreadPoolExecutor.runWorker(ThreadPoolExecutor.java:1090)
	at java.base/java.util.concurrent.ThreadPoolExecutor$Worker.run(ThreadPoolExecutor.java:614)
	at java.base/java.lang.Thread.run(Thread.java:1474)

Aug 28, 2026 10:13:08 AM io.gapi.emulators.netty.HttpHandler$1 onError
INFO: Exception when handling request: PERMISSION_DENIED: 
evaluation error at L790:24 for 'create' @ L790, false for 'create' @ L1179, evaluation error at L798:24 for 'update' @ L798, false for 'update' @ L806, false for 'update' @ L1179, false for 'create' @ L790, false for 'create' @ L1179
Aug 28, 2026 10:13:09 AM com.google.cloud.datastore.emulator.impl.util.WrappedStreamObserver onError
WARNING: Operation failed: 
evaluation error at L935:22 for 'get' @ L935, false for 'get' @ L1179, false for 'get' @ L935, false for 'get' @ L1179
com.google.cloud.datastore.core.exception.DatastoreException: 
evaluation error at L935:22 for 'get' @ L935, false for 'get' @ L1179, false for 'get' @ L935, false for 'get' @ L1179
	at com.google.cloud.datastore.core.exception.DatastoreException$Builder.build(DatastoreException.java:152)
	at com.google.cloud.datastore.emulator.impl.rules.DefaultEmulatorRulesAuthorizer.verboseError(DefaultEmulatorRulesAuthorizer.java:349)
	at com.google.cloud.datastore.emulator.impl.rules.DefaultEmulatorRulesAuthorizer.withVerboseErrors(DefaultEmulatorRulesAuthorizer.java:326)
	at com.google.cloud.datastore.emulator.impl.rules.DefaultEmulatorRulesAuthorizer.checkLookup(DefaultEmulatorRulesAuthorizer.java:157)
	at com.google.cloud.datastore.emulator.impl.firestore.FirestoreEmulatorHelper.snapshotRead(FirestoreEmulatorHelper.java:318)
	at com.google.cloud.datastore.emulator.impl.firestore.FirestoreEmulatorHelper.lambda$read$0(FirestoreEmulatorHelper.java:265)
	at com.google.cloud.datastore.emulator.impl.transactions.EmulatorTransactionManager$ReadOnlyTransaction.fold(EmulatorTransactionManager.java:492)
	at com.google.cloud.datastore.emulator.impl.firestore.FirestoreEmulatorHelper.read(FirestoreEmulatorHelper.java:264)
	at com.google.cloud.datastore.emulator.impl.firestore.CloudFirestoreV1.getDocument(CloudFirestoreV1.java:338)
	at com.google.cloud.datastore.emulator.impl.firestore.CloudFirestoreV1Router.getDocument(CloudFirestoreV1Router.java:131)
	at com.google.cloud.datastore.emulator.impl.firestore.CloudFirestoreV1Router.getOrListDocuments(CloudFirestoreV1Router.java:125)
	at com.google.cloud.datastore.emulator.firestore.v1.FirestoreV1GrpcAdapter$1.lambda$getOrListDocuments$0(FirestoreV1GrpcAdapter.java:108)
	at com.google.cloud.datastore.emulator.firestore.v1.FirestoreV1GrpcAdapter.unary(FirestoreV1GrpcAdapter.java:72)
	at com.google.cloud.datastore.emulator.firestore.v1.FirestoreV1GrpcAdapter$1.getOrListDocuments(FirestoreV1GrpcAdapter.java:108)
	at com.google.firestore.v1.FirestoreGrpc$MethodHandlers.invoke(FirestoreGrpc.java:1376)
	at io.grpc.stub.ServerCalls$UnaryServerCallHandler$UnaryServerCallListener.onHalfClose(ServerCalls.java:182)
	at io.grpc.PartialForwardingServerCallListener.onHalfClose(PartialForwardingServerCallListener.java:35)
	at io.grpc.ForwardingServerCallListener.onHalfClose(ForwardingServerCallListener.java:23)
	at io.grpc.ForwardingServerCallListener$SimpleForwardingServerCallListener.onHalfClose(ForwardingServerCallListener.java:40)
	at io.grpc.Contexts$ContextualizedServerCallListener.onHalfClose(Contexts.java:86)
	at io.grpc.PartialForwardingServerCallListener.onHalfClose(PartialForwardingServerCallListener.java:35)
	at io.grpc.ForwardingServerCallListener.onHalfClose(ForwardingServerCallListener.java:23)
	at io.grpc.ForwardingServerCallListener$SimpleForwardingServerCallListener.onHalfClose(ForwardingServerCallListener.java:40)
	at io.grpc.Contexts$ContextualizedServerCallListener.onHalfClose(Contexts.java:86)
	at io.grpc.internal.ServerCallImpl$ServerStreamListenerImpl.halfClosed(ServerCallImpl.java:356)
	at io.grpc.internal.ServerImpl$JumpToApplicationThreadServerStreamListener$1HalfClosed.runInContext(ServerImpl.java:879)
	at io.grpc.internal.ContextRunnable.run(ContextRunnable.java:37)
	at io.grpc.internal.SerializingExecutor.run(SerializingExecutor.java:133)
	at java.base/java.util.concurrent.ThreadPoolExecutor.runWorker(ThreadPoolExecutor.java:1090)
	at java.base/java.util.concurrent.ThreadPoolExecutor$Worker.run(ThreadPoolExecutor.java:614)
	at java.base/java.lang.Thread.run(Thread.java:1474)

Aug 28, 2026 10:13:09 AM io.gapi.emulators.netty.HttpHandler$1 onError
INFO: Exception when handling request: PERMISSION_DENIED: 
evaluation error at L935:22 for 'get' @ L935, false for 'get' @ L1179, false for 'get' @ L935, false for 'get' @ L1179
Aug 28, 2026 10:13:09 AM com.google.cloud.datastore.emulator.impl.util.WrappedStreamObserver onError
WARNING: Operation failed: 
false for 'create' @ L380, false for 'create' @ L1179, false for 'update' @ L402, false for 'update' @ L1179
com.google.cloud.datastore.core.exception.DatastoreException: 
false for 'create' @ L380, false for 'create' @ L1179, false for 'update' @ L402, false for 'update' @ L1179
	at com.google.cloud.datastore.core.exception.DatastoreException$Builder.build(DatastoreException.java:152)
	at com.google.cloud.datastore.emulator.impl.rules.DefaultEmulatorRulesAuthorizer.verboseError(DefaultEmulatorRulesAuthorizer.java:349)
	at com.google.cloud.datastore.emulator.impl.rules.DefaultEmulatorRulesAuthorizer.withVerboseErrors(DefaultEmulatorRulesAuthorizer.java:326)
	at com.google.cloud.datastore.emulator.impl.rules.DefaultEmulatorRulesAuthorizer.checkCommit(DefaultEmulatorRulesAuthorizer.java:113)
	at com.google.cloud.datastore.emulator.impl.firestore.FirestoreEmulatorHelper.commitHelper(FirestoreEmulatorHelper.java:407)
	at com.google.cloud.datastore.emulator.impl.firestore.FirestoreEmulatorHelper.internalCommit(FirestoreEmulatorHelper.java:348)
	at com.google.cloud.datastore.emulator.impl.firestore.CloudFirestoreV1.internalCommit(CloudFirestoreV1.java:1336)
	at com.google.cloud.datastore.emulator.impl.firestore.CloudFirestoreV1.updateDocument(CloudFirestoreV1.java:468)
	at com.google.cloud.datastore.emulator.impl.firestore.CloudFirestoreV1Router.updateDocument(CloudFirestoreV1Router.java:151)
	at com.google.cloud.datastore.emulator.firestore.v1.FirestoreV1GrpcAdapter$1.lambda$updateDocument$0(FirestoreV1GrpcAdapter.java:132)
	at com.google.cloud.datastore.emulator.firestore.v1.FirestoreV1GrpcAdapter.unary(FirestoreV1GrpcAdapter.java:72)
	at com.google.cloud.datastore.emulator.firestore.v1.FirestoreV1GrpcAdapter$1.updateDocument(FirestoreV1GrpcAdapter.java:132)
	at com.google.firestore.v1.FirestoreGrpc$MethodHandlers.invoke(FirestoreGrpc.java:1388)
	at io.grpc.stub.ServerCalls$UnaryServerCallHandler$UnaryServerCallListener.onHalfClose(ServerCalls.java:182)
	at io.grpc.PartialForwardingServerCallListener.onHalfClose(PartialForwardingServerCallListener.java:35)
	at io.grpc.ForwardingServerCallListener.onHalfClose(ForwardingServerCallListener.java:23)
	at io.grpc.ForwardingServerCallListener$SimpleForwardingServerCallListener.onHalfClose(ForwardingServerCallListener.java:40)
	at io.grpc.Contexts$ContextualizedServerCallListener.onHalfClose(Contexts.java:86)
	at io.grpc.PartialForwardingServerCallListener.onHalfClose(PartialForwardingServerCallListener.java:35)
	at io.grpc.ForwardingServerCallListener.onHalfClose(ForwardingServerCallListener.java:23)
	at io.grpc.ForwardingServerCallListener$SimpleForwardingServerCallListener.onHalfClose(ForwardingServerCallListener.java:40)
	at io.grpc.Contexts$ContextualizedServerCallListener.onHalfClose(Contexts.java:86)
	at io.grpc.internal.ServerCallImpl$ServerStreamListenerImpl.halfClosed(ServerCallImpl.java:356)
	at io.grpc.internal.ServerImpl$JumpToApplicationThreadServerStreamListener$1HalfClosed.runInContext(ServerImpl.java:879)
	at io.grpc.internal.ContextRunnable.run(ContextRunnable.java:37)
	at io.grpc.internal.SerializingExecutor.run(SerializingExecutor.java:133)
	at java.base/java.util.concurrent.ThreadPoolExecutor.runWorker(ThreadPoolExecutor.java:1090)
	at java.base/java.util.concurrent.ThreadPoolExecutor$Worker.run(ThreadPoolExecutor.java:614)
	at java.base/java.lang.Thread.run(Thread.java:1474)

Aug 28, 2026 10:13:09 AM io.gapi.emulators.netty.HttpHandler$1 onError
INFO: Exception when handling request: PERMISSION_DENIED: 
false for 'create' @ L380, false for 'create' @ L1179, false for 'update' @ L402, false for 'update' @ L1179
Aug 28, 2026 10:13:09 AM com.google.cloud.datastore.emulator.impl.util.WrappedStreamObserver onError
WARNING: Operation failed: 
evaluation error at L598:24 for 'create' @ L598, false for 'create' @ L1179, evaluation error at L610:24 for 'update' @ L610, false for 'update' @ L1179, false for 'update' @ L610, false for 'update' @ L1179
com.google.cloud.datastore.core.exception.DatastoreException: 
evaluation error at L598:24 for 'create' @ L598, false for 'create' @ L1179, evaluation error at L610:24 for 'update' @ L610, false for 'update' @ L1179, false for 'update' @ L610, false for 'update' @ L1179
	at com.google.cloud.datastore.core.exception.DatastoreException$Builder.build(DatastoreException.java:152)
	at com.google.cloud.datastore.emulator.impl.rules.DefaultEmulatorRulesAuthorizer.verboseError(DefaultEmulatorRulesAuthorizer.java:349)
	at com.google.cloud.datastore.emulator.impl.rules.DefaultEmulatorRulesAuthorizer.withVerboseErrors(DefaultEmulatorRulesAuthorizer.java:326)
	at com.google.cloud.datastore.emulator.impl.rules.DefaultEmulatorRulesAuthorizer.checkCommit(DefaultEmulatorRulesAuthorizer.java:113)
	at com.google.cloud.datastore.emulator.impl.firestore.FirestoreEmulatorHelper.commitHelper(FirestoreEmulatorHelper.java:407)
	at com.google.cloud.datastore.emulator.impl.firestore.FirestoreEmulatorHelper.internalCommit(FirestoreEmulatorHelper.java:348)
	at com.google.cloud.datastore.emulator.impl.firestore.CloudFirestoreV1.internalCommit(CloudFirestoreV1.java:1336)
	at com.google.cloud.datastore.emulator.impl.firestore.CloudFirestoreV1.updateDocument(CloudFirestoreV1.java:468)
	at com.google.cloud.datastore.emulator.impl.firestore.CloudFirestoreV1Router.updateDocument(CloudFirestoreV1Router.java:151)
	at com.google.cloud.datastore.emulator.firestore.v1.FirestoreV1GrpcAdapter$1.lambda$updateDocument$0(FirestoreV1GrpcAdapter.java:132)
	at com.google.cloud.datastore.emulator.firestore.v1.FirestoreV1GrpcAdapter.unary(FirestoreV1GrpcAdapter.java:72)
	at com.google.cloud.datastore.emulator.firestore.v1.FirestoreV1GrpcAdapter$1.updateDocument(FirestoreV1GrpcAdapter.java:132)
	at com.google.firestore.v1.FirestoreGrpc$MethodHandlers.invoke(FirestoreGrpc.java:1388)
	at io.grpc.stub.ServerCalls$UnaryServerCallHandler$UnaryServerCallListener.onHalfClose(ServerCalls.java:182)
	at io.grpc.PartialForwardingServerCallListener.onHalfClose(PartialForwardingServerCallListener.java:35)
	at io.grpc.ForwardingServerCallListener.onHalfClose(ForwardingServerCallListener.java:23)
	at io.grpc.ForwardingServerCallListener$SimpleForwardingServerCallListener.onHalfClose(ForwardingServerCallListener.java:40)
	at io.grpc.Contexts$ContextualizedServerCallListener.onHalfClose(Contexts.java:86)
	at io.grpc.PartialForwardingServerCallListener.onHalfClose(PartialForwardingServerCallListener.java:35)
	at io.grpc.ForwardingServerCallListener.onHalfClose(ForwardingServerCallListener.java:23)
	at io.grpc.ForwardingServerCallListener$SimpleForwardingServerCallListener.onHalfClose(ForwardingServerCallListener.java:40)
	at io.grpc.Contexts$ContextualizedServerCallListener.onHalfClose(Contexts.java:86)
	at io.grpc.internal.ServerCallImpl$ServerStreamListenerImpl.halfClosed(ServerCallImpl.java:356)
	at io.grpc.internal.ServerImpl$JumpToApplicationThreadServerStreamListener$1HalfClosed.runInContext(ServerImpl.java:879)
	at io.grpc.internal.ContextRunnable.run(ContextRunnable.java:37)
	at io.grpc.internal.SerializingExecutor.run(SerializingExecutor.java:133)
	at java.base/java.util.concurrent.ThreadPoolExecutor.runWorker(ThreadPoolExecutor.java:1090)
	at java.base/java.util.concurrent.ThreadPoolExecutor$Worker.run(ThreadPoolExecutor.java:614)
	at java.base/java.lang.Thread.run(Thread.java:1474)

Aug 28, 2026 10:13:09 AM io.gapi.emulators.netty.HttpHandler$1 onError
INFO: Exception when handling request: PERMISSION_DENIED: 
evaluation error at L598:24 for 'create' @ L598, false for 'create' @ L1179, evaluation error at L610:24 for 'update' @ L610, false for 'update' @ L1179, false for 'update' @ L610, false for 'update' @ L1179
Aug 28, 2026 10:13:09 AM com.google.cloud.datastore.emulator.impl.util.WrappedStreamObserver onError
WARNING: Operation failed: 
evaluation error at L595:22 for 'get' @ L595, false for 'get' @ L1179, false for 'get' @ L595, false for 'get' @ L1179
com.google.cloud.datastore.core.exception.DatastoreException: 
evaluation error at L595:22 for 'get' @ L595, false for 'get' @ L1179, false for 'get' @ L595, false for 'get' @ L1179
	at com.google.cloud.datastore.core.exception.DatastoreException$Builder.build(DatastoreException.java:152)
	at com.google.cloud.datastore.emulator.impl.rules.DefaultEmulatorRulesAuthorizer.verboseError(DefaultEmulatorRulesAuthorizer.java:349)
	at com.google.cloud.datastore.emulator.impl.rules.DefaultEmulatorRulesAuthorizer.withVerboseErrors(DefaultEmulatorRulesAuthorizer.java:326)
	at com.google.cloud.datastore.emulator.impl.rules.DefaultEmulatorRulesAuthorizer.checkLookup(DefaultEmulatorRulesAuthorizer.java:157)
	at com.google.cloud.datastore.emulator.impl.firestore.FirestoreEmulatorHelper.snapshotRead(FirestoreEmulatorHelper.java:318)
	at com.google.cloud.datastore.emulator.impl.firestore.FirestoreEmulatorHelper.lambda$read$0(FirestoreEmulatorHelper.java:265)
	at com.google.cloud.datastore.emulator.impl.transactions.EmulatorTransactionManager$ReadOnlyTransaction.fold(EmulatorTransactionManager.java:492)
	at com.google.cloud.datastore.emulator.impl.firestore.FirestoreEmulatorHelper.read(FirestoreEmulatorHelper.java:264)
	at com.google.cloud.datastore.emulator.impl.firestore.CloudFirestoreV1.getDocument(CloudFirestoreV1.java:338)
	at com.google.cloud.datastore.emulator.impl.firestore.CloudFirestoreV1Router.getDocument(CloudFirestoreV1Router.java:131)
	at com.google.cloud.datastore.emulator.impl.firestore.CloudFirestoreV1Router.getOrListDocuments(CloudFirestoreV1Router.java:125)
	at com.google.cloud.datastore.emulator.firestore.v1.FirestoreV1GrpcAdapter$1.lambda$getOrListDocuments$0(FirestoreV1GrpcAdapter.java:108)
	at com.google.cloud.datastore.emulator.firestore.v1.FirestoreV1GrpcAdapter.unary(FirestoreV1GrpcAdapter.java:72)
	at com.google.cloud.datastore.emulator.firestore.v1.FirestoreV1GrpcAdapter$1.getOrListDocuments(FirestoreV1GrpcAdapter.java:108)
	at com.google.firestore.v1.FirestoreGrpc$MethodHandlers.invoke(FirestoreGrpc.java:1376)
	at io.grpc.stub.ServerCalls$UnaryServerCallHandler$UnaryServerCallListener.onHalfClose(ServerCalls.java:182)
	at io.grpc.PartialForwardingServerCallListener.onHalfClose(PartialForwardingServerCallListener.java:35)
	at io.grpc.ForwardingServerCallListener.onHalfClose(ForwardingServerCallListener.java:23)
	at io.grpc.ForwardingServerCallListener$SimpleForwardingServerCallListener.onHalfClose(ForwardingServerCallListener.java:40)
	at io.grpc.Contexts$ContextualizedServerCallListener.onHalfClose(Contexts.java:86)
	at io.grpc.PartialForwardingServerCallListener.onHalfClose(PartialForwardingServerCallListener.java:35)
	at io.grpc.ForwardingServerCallListener.onHalfClose(ForwardingServerCallListener.java:23)
	at io.grpc.ForwardingServerCallListener$SimpleForwardingServerCallListener.onHalfClose(ForwardingServerCallListener.java:40)
	at io.grpc.Contexts$ContextualizedServerCallListener.onHalfClose(Contexts.java:86)
	at io.grpc.internal.ServerCallImpl$ServerStreamListenerImpl.halfClosed(ServerCallImpl.java:356)
	at io.grpc.internal.ServerImpl$JumpToApplicationThreadServerStreamListener$1HalfClosed.runInContext(ServerImpl.java:879)
	at io.grpc.internal.ContextRunnable.run(ContextRunnable.java:37)
	at io.grpc.internal.SerializingExecutor.run(SerializingExecutor.java:133)
	at java.base/java.util.concurrent.ThreadPoolExecutor.runWorker(ThreadPoolExecutor.java:1090)
	at java.base/java.util.concurrent.ThreadPoolExecutor$Worker.run(ThreadPoolExecutor.java:614)
	at java.base/java.lang.Thread.run(Thread.java:1474)

Aug 28, 2026 10:13:09 AM io.gapi.emulators.netty.HttpHandler$1 onError
INFO: Exception when handling request: PERMISSION_DENIED: 
evaluation error at L595:22 for 'get' @ L595, false for 'get' @ L1179, false for 'get' @ L595, false for 'get' @ L1179
Aug 28, 2026 10:13:09 AM com.google.cloud.datastore.emulator.impl.util.WrappedStreamObserver onError
WARNING: Operation failed: 
false for 'create' @ L543, false for 'create' @ L1179, false for 'update' @ L560, false for 'update' @ L1179
com.google.cloud.datastore.core.exception.DatastoreException: 
false for 'create' @ L543, false for 'create' @ L1179, false for 'update' @ L560, false for 'update' @ L1179
	at com.google.cloud.datastore.core.exception.DatastoreException$Builder.build(DatastoreException.java:152)
	at com.google.cloud.datastore.emulator.impl.rules.DefaultEmulatorRulesAuthorizer.verboseError(DefaultEmulatorRulesAuthorizer.java:349)
	at com.google.cloud.datastore.emulator.impl.rules.DefaultEmulatorRulesAuthorizer.withVerboseErrors(DefaultEmulatorRulesAuthorizer.java:326)
	at com.google.cloud.datastore.emulator.impl.rules.DefaultEmulatorRulesAuthorizer.checkCommit(DefaultEmulatorRulesAuthorizer.java:113)
	at com.google.cloud.datastore.emulator.impl.firestore.FirestoreEmulatorHelper.commitHelper(FirestoreEmulatorHelper.java:407)
	at com.google.cloud.datastore.emulator.impl.firestore.FirestoreEmulatorHelper.internalCommit(FirestoreEmulatorHelper.java:348)
	at com.google.cloud.datastore.emulator.impl.firestore.CloudFirestoreV1.internalCommit(CloudFirestoreV1.java:1336)
	at com.google.cloud.datastore.emulator.impl.firestore.CloudFirestoreV1.updateDocument(CloudFirestoreV1.java:468)
	at com.google.cloud.datastore.emulator.impl.firestore.CloudFirestoreV1Router.updateDocument(CloudFirestoreV1Router.java:151)
	at com.google.cloud.datastore.emulator.firestore.v1.FirestoreV1GrpcAdapter$1.lambda$updateDocument$0(FirestoreV1GrpcAdapter.java:132)
	at com.google.cloud.datastore.emulator.firestore.v1.FirestoreV1GrpcAdapter.unary(FirestoreV1GrpcAdapter.java:72)
	at com.google.cloud.datastore.emulator.firestore.v1.FirestoreV1GrpcAdapter$1.updateDocument(FirestoreV1GrpcAdapter.java:132)
	at com.google.firestore.v1.FirestoreGrpc$MethodHandlers.invoke(FirestoreGrpc.java:1388)
	at io.grpc.stub.ServerCalls$UnaryServerCallHandler$UnaryServerCallListener.onHalfClose(ServerCalls.java:182)
	at io.grpc.PartialForwardingServerCallListener.onHalfClose(PartialForwardingServerCallListener.java:35)
	at io.grpc.ForwardingServerCallListener.onHalfClose(ForwardingServerCallListener.java:23)
	at io.grpc.ForwardingServerCallListener$SimpleForwardingServerCallListener.onHalfClose(ForwardingServerCallListener.java:40)
	at io.grpc.Contexts$ContextualizedServerCallListener.onHalfClose(Contexts.java:86)
	at io.grpc.PartialForwardingServerCallListener.onHalfClose(PartialForwardingServerCallListener.java:35)
	at io.grpc.ForwardingServerCallListener.onHalfClose(ForwardingServerCallListener.java:23)
	at io.grpc.ForwardingServerCallListener$SimpleForwardingServerCallListener.onHalfClose(ForwardingServerCallListener.java:40)
	at io.grpc.Contexts$ContextualizedServerCallListener.onHalfClose(Contexts.java:86)
	at io.grpc.internal.ServerCallImpl$ServerStreamListenerImpl.halfClosed(ServerCallImpl.java:356)
	at io.grpc.internal.ServerImpl$JumpToApplicationThreadServerStreamListener$1HalfClosed.runInContext(ServerImpl.java:879)
	at io.grpc.internal.ContextRunnable.run(ContextRunnable.java:37)
	at io.grpc.internal.SerializingExecutor.run(SerializingExecutor.java:133)
	at java.base/java.util.concurrent.ThreadPoolExecutor.runWorker(ThreadPoolExecutor.java:1090)
	at java.base/java.util.concurrent.ThreadPoolExecutor$Worker.run(ThreadPoolExecutor.java:614)
	at java.base/java.lang.Thread.run(Thread.java:1474)

Aug 28, 2026 10:13:09 AM io.gapi.emulators.netty.HttpHandler$1 onError
INFO: Exception when handling request: PERMISSION_DENIED: 
false for 'create' @ L543, false for 'create' @ L1179, false for 'update' @ L560, false for 'update' @ L1179
Aug 28, 2026 10:13:09 AM com.google.cloud.datastore.emulator.impl.util.WrappedStreamObserver onError
WARNING: Operation failed: 
evaluation error at L540:22 for 'get' @ L540, false for 'get' @ L1179, false for 'get' @ L540, false for 'get' @ L1179
com.google.cloud.datastore.core.exception.DatastoreException: 
evaluation error at L540:22 for 'get' @ L540, false for 'get' @ L1179, false for 'get' @ L540, false for 'get' @ L1179
	at com.google.cloud.datastore.core.exception.DatastoreException$Builder.build(DatastoreException.java:152)
	at com.google.cloud.datastore.emulator.impl.rules.DefaultEmulatorRulesAuthorizer.verboseError(DefaultEmulatorRulesAuthorizer.java:349)
	at com.google.cloud.datastore.emulator.impl.rules.DefaultEmulatorRulesAuthorizer.withVerboseErrors(DefaultEmulatorRulesAuthorizer.java:326)
	at com.google.cloud.datastore.emulator.impl.rules.DefaultEmulatorRulesAuthorizer.checkLookup(DefaultEmulatorRulesAuthorizer.java:157)
	at com.google.cloud.datastore.emulator.impl.firestore.FirestoreEmulatorHelper.snapshotRead(FirestoreEmulatorHelper.java:318)
	at com.google.cloud.datastore.emulator.impl.firestore.FirestoreEmulatorHelper.lambda$read$0(FirestoreEmulatorHelper.java:265)
	at com.google.cloud.datastore.emulator.impl.transactions.EmulatorTransactionManager$ReadOnlyTransaction.fold(EmulatorTransactionManager.java:492)
	at com.google.cloud.datastore.emulator.impl.firestore.FirestoreEmulatorHelper.read(FirestoreEmulatorHelper.java:264)
	at com.google.cloud.datastore.emulator.impl.firestore.CloudFirestoreV1.getDocument(CloudFirestoreV1.java:338)
	at com.google.cloud.datastore.emulator.impl.firestore.CloudFirestoreV1Router.getDocument(CloudFirestoreV1Router.java:131)
	at com.google.cloud.datastore.emulator.impl.firestore.CloudFirestoreV1Router.getOrListDocuments(CloudFirestoreV1Router.java:125)
	at com.google.cloud.datastore.emulator.firestore.v1.FirestoreV1GrpcAdapter$1.lambda$getOrListDocuments$0(FirestoreV1GrpcAdapter.java:108)
	at com.google.cloud.datastore.emulator.firestore.v1.FirestoreV1GrpcAdapter.unary(FirestoreV1GrpcAdapter.java:72)
	at com.google.cloud.datastore.emulator.firestore.v1.FirestoreV1GrpcAdapter$1.getOrListDocuments(FirestoreV1GrpcAdapter.java:108)
	at com.google.firestore.v1.FirestoreGrpc$MethodHandlers.invoke(FirestoreGrpc.java:1376)
	at io.grpc.stub.ServerCalls$UnaryServerCallHandler$UnaryServerCallListener.onHalfClose(ServerCalls.java:182)
	at io.grpc.PartialForwardingServerCallListener.onHalfClose(PartialForwardingServerCallListener.java:35)
	at io.grpc.ForwardingServerCallListener.onHalfClose(ForwardingServerCallListener.java:23)
	at io.grpc.ForwardingServerCallListener$SimpleForwardingServerCallListener.onHalfClose(ForwardingServerCallListener.java:40)
	at io.grpc.Contexts$ContextualizedServerCallListener.onHalfClose(Contexts.java:86)
	at io.grpc.PartialForwardingServerCallListener.onHalfClose(PartialForwardingServerCallListener.java:35)
	at io.grpc.ForwardingServerCallListener.onHalfClose(ForwardingServerCallListener.java:23)
	at io.grpc.ForwardingServerCallListener$SimpleForwardingServerCallListener.onHalfClose(ForwardingServerCallListener.java:40)
	at io.grpc.Contexts$ContextualizedServerCallListener.onHalfClose(Contexts.java:86)
	at io.grpc.internal.ServerCallImpl$ServerStreamListenerImpl.halfClosed(ServerCallImpl.java:356)
	at io.grpc.internal.ServerImpl$JumpToApplicationThreadServerStreamListener$1HalfClosed.runInContext(ServerImpl.java:879)
	at io.grpc.internal.ContextRunnable.run(ContextRunnable.java:37)
	at io.grpc.internal.SerializingExecutor.run(SerializingExecutor.java:133)
	at java.base/java.util.concurrent.ThreadPoolExecutor.runWorker(ThreadPoolExecutor.java:1090)
	at java.base/java.util.concurrent.ThreadPoolExecutor$Worker.run(ThreadPoolExecutor.java:614)
	at java.base/java.lang.Thread.run(Thread.java:1474)

Aug 28, 2026 10:13:09 AM io.gapi.emulators.netty.HttpHandler$1 onError
INFO: Exception when handling request: PERMISSION_DENIED: 
evaluation error at L540:22 for 'get' @ L540, false for 'get' @ L1179, false for 'get' @ L540, false for 'get' @ L1179
Aug 28, 2026 10:13:09 AM com.google.firebase.rules.runtime.impl.CompositeListener tryInvoke
WARNING: [CONTEXT ratelimit_period="1 MINUTES" ]
java.lang.ArrayIndexOutOfBoundsException: Index 0 out of bounds for length 0
	at com.google.common.collect.RegularImmutableList.get(RegularImmutableList.java:81)
	at com.google.cloud.datastore.emulator.firestore.websocket.EmulatorRequest.permissionTracesAsJsonArray(EmulatorRequest.java:113)
	at com.google.cloud.datastore.emulator.firestore.websocket.EmulatorRequest.toJson(EmulatorRequest.java:70)
	at com.google.cloud.datastore.emulator.firestore.websocket.BufferingRequestListener.publish(BufferingRequestListener.java:103)
	at com.google.cloud.datastore.emulator.firestore.websocket.BufferingRequestListener.afterRulesEvaluation(BufferingRequestListener.java:83)
	at com.google.cloud.datastore.emulator.impl.rules.EmulatorRuleClient$EmulatorRuleEvaluator$1.afterPermissionEvaluation(EmulatorRuleClient.java:113)
	at com.google.firebase.rules.runtime.impl.CompositeListener.lambda$afterPermissionEvaluation$1(CompositeListener.java:89)
	at com.google.firebase.rules.runtime.impl.CompositeListener.lambda$tryInvoke$0(CompositeListener.java:118)
	at com.google.common.collect.ImmutableList.forEach(ImmutableList.java:445)
	at com.google.firebase.rules.runtime.impl.CompositeListener.afterPermissionEvaluation(CompositeListener.java:88)
	at com.google.firebase.rules.runtime.impl.DefaultEvaluator$2.onFailure(DefaultEvaluator.java:171)
	at com.google.common.util.concurrent.Futures$CallbackListener.run(Futures.java:1295)
	at com.google.common.util.concurrent.DirectExecutor.execute(DirectExecutor.java:30)
	at com.google.common.util.concurrent.AbstractFuture.executeListener(AbstractFuture.java:1045)
	at com.google.common.util.concurrent.AbstractFuture.addListener(AbstractFuture.java:492)
	at com.google.common.util.concurrent.Futures.addCallback(Futures.java:1268)
	at com.google.firebase.rules.runtime.impl.DefaultEvaluator.evaluate(DefaultEvaluator.java:161)
	at com.google.cloud.datastore.emulator.impl.rules.EmulatorRuleClient$EmulatorRuleEvaluator.evaluate(EmulatorRuleClient.java:88)
	at com.google.cloud.datastore.core.auth.rules.AsyncTwoPhaseRulesAuthorizer.phaseOneEvaluate(AsyncTwoPhaseRulesAuthorizer.java:523)
	at com.google.cloud.datastore.core.auth.rules.AsyncTwoPhaseRulesAuthorizer.evaluateUpdateMutation(AsyncTwoPhaseRulesAuthorizer.java:423)
	at com.google.cloud.datastore.core.auth.rules.AsyncTwoPhaseRulesAuthorizer.evaluateUpsertMutation(AsyncTwoPhaseRulesAuthorizer.java:456)
	at com.google.cloud.datastore.core.auth.rules.AsyncTwoPhaseRulesAuthorizer.checkWritePhaseOne(AsyncTwoPhaseRulesAuthorizer.java:372)
	at com.google.cloud.datastore.core.auth.rules.AsyncTwoPhaseRulesAuthorizer.lambda$checkWrite$0(AsyncTwoPhaseRulesAuthorizer.java:212)
	at com.google.cloud.datastore.computation.Computation.lambda$sequence$0(Computation.java:1020)
	at com.google.cloud.datastore.computation.Remainder$Completed.thenCompose(Remainder.java:726)
	at com.google.cloud.datastore.computation.Computation.sequence(Computation.java:1020)
	at com.google.cloud.datastore.core.auth.rules.AsyncTwoPhaseRulesAuthorizer.checkWrite(AsyncTwoPhaseRulesAuthorizer.java:209)
	at com.google.cloud.datastore.emulator.impl.rules.DefaultEmulatorRulesAuthorizer.lambda$checkCommit$1(DefaultEmulatorRulesAuthorizer.java:116)
	at com.google.cloud.datastore.computation.Computation.run(Computation.java:82)
	at com.google.cloud.datastore.computation.Computation$Terminated.toFuture(Computation.java:950)
	at com.google.cloud.datastore.computation.Computation.toFuture(Computation.java:93)
	at com.google.cloud.datastore.emulator.impl.rules.DefaultEmulatorRulesAuthorizer.finish(DefaultEmulatorRulesAuthorizer.java:308)
	at com.google.cloud.datastore.emulator.impl.rules.DefaultEmulatorRulesAuthorizer.lambda$checkCommit$0(DefaultEmulatorRulesAuthorizer.java:116)
	at com.google.cloud.datastore.emulator.impl.rules.DefaultEmulatorRulesAuthorizer.withVerboseErrors(DefaultEmulatorRulesAuthorizer.java:321)
	at com.google.cloud.datastore.emulator.impl.rules.DefaultEmulatorRulesAuthorizer.checkCommit(DefaultEmulatorRulesAuthorizer.java:113)
	at com.google.cloud.datastore.emulator.impl.firestore.FirestoreEmulatorHelper.commitHelper(FirestoreEmulatorHelper.java:407)
	at com.google.cloud.datastore.emulator.impl.firestore.FirestoreEmulatorHelper.internalCommit(FirestoreEmulatorHelper.java:348)
	at com.google.cloud.datastore.emulator.impl.firestore.CloudFirestoreV1.internalCommit(CloudFirestoreV1.java:1336)
	at com.google.cloud.datastore.emulator.impl.firestore.CloudFirestoreV1.updateDocument(CloudFirestoreV1.java:468)
	at com.google.cloud.datastore.emulator.impl.firestore.CloudFirestoreV1Router.updateDocument(CloudFirestoreV1Router.java:151)
	at com.google.cloud.datastore.emulator.firestore.v1.FirestoreV1GrpcAdapter$1.lambda$updateDocument$0(FirestoreV1GrpcAdapter.java:132)
	at com.google.cloud.datastore.emulator.firestore.v1.FirestoreV1GrpcAdapter.unary(FirestoreV1GrpcAdapter.java:72)
	at com.google.cloud.datastore.emulator.firestore.v1.FirestoreV1GrpcAdapter$1.updateDocument(FirestoreV1GrpcAdapter.java:132)
	at com.google.firestore.v1.FirestoreGrpc$MethodHandlers.invoke(FirestoreGrpc.java:1388)
	at io.grpc.stub.ServerCalls$UnaryServerCallHandler$UnaryServerCallListener.onHalfClose(ServerCalls.java:182)
	at io.grpc.PartialForwardingServerCallListener.onHalfClose(PartialForwardingServerCallListener.java:35)
	at io.grpc.ForwardingServerCallListener.onHalfClose(ForwardingServerCallListener.java:23)
	at io.grpc.ForwardingServerCallListener$SimpleForwardingServerCallListener.onHalfClose(ForwardingServerCallListener.java:40)
	at io.grpc.Contexts$ContextualizedServerCallListener.onHalfClose(Contexts.java:86)
	at io.grpc.PartialForwardingServerCallListener.onHalfClose(PartialForwardingServerCallListener.java:35)
	at io.grpc.ForwardingServerCallListener.onHalfClose(ForwardingServerCallListener.java:23)
	at io.grpc.ForwardingServerCallListener$SimpleForwardingServerCallListener.onHalfClose(ForwardingServerCallListener.java:40)
	at io.grpc.Contexts$ContextualizedServerCallListener.onHalfClose(Contexts.java:86)
	at io.grpc.internal.ServerCallImpl$ServerStreamListenerImpl.halfClosed(ServerCallImpl.java:356)
	at io.grpc.internal.ServerImpl$JumpToApplicationThreadServerStreamListener$1HalfClosed.runInContext(ServerImpl.java:879)
	at io.grpc.internal.ContextRunnable.run(ContextRunnable.java:37)
	at io.grpc.internal.SerializingExecutor.run(SerializingExecutor.java:133)
	at java.base/java.util.concurrent.ThreadPoolExecutor.runWorker(ThreadPoolExecutor.java:1090)
	at java.base/java.util.concurrent.ThreadPoolExecutor$Worker.run(ThreadPoolExecutor.java:614)
	at java.base/java.lang.Thread.run(Thread.java:1474)

Aug 28, 2026 10:13:09 AM com.google.cloud.datastore.emulator.impl.util.WrappedStreamObserver onError
WARNING: Operation failed: 
evaluation error at L490:22 for 'get' @ L490, false for 'get' @ L1179, false for 'get' @ L490, false for 'get' @ L1179
com.google.cloud.datastore.core.exception.DatastoreException: 
evaluation error at L490:22 for 'get' @ L490, false for 'get' @ L1179, false for 'get' @ L490, false for 'get' @ L1179
	at com.google.cloud.datastore.core.exception.DatastoreException$Builder.build(DatastoreException.java:152)
	at com.google.cloud.datastore.emulator.impl.rules.DefaultEmulatorRulesAuthorizer.verboseError(DefaultEmulatorRulesAuthorizer.java:349)
	at com.google.cloud.datastore.emulator.impl.rules.DefaultEmulatorRulesAuthorizer.withVerboseErrors(DefaultEmulatorRulesAuthorizer.java:326)
	at com.google.cloud.datastore.emulator.impl.rules.DefaultEmulatorRulesAuthorizer.checkLookup(DefaultEmulatorRulesAuthorizer.java:157)
	at com.google.cloud.datastore.emulator.impl.firestore.FirestoreEmulatorHelper.snapshotRead(FirestoreEmulatorHelper.java:318)
	at com.google.cloud.datastore.emulator.impl.firestore.FirestoreEmulatorHelper.lambda$read$0(FirestoreEmulatorHelper.java:265)
	at com.google.cloud.datastore.emulator.impl.transactions.EmulatorTransactionManager$ReadOnlyTransaction.fold(EmulatorTransactionManager.java:492)
	at com.google.cloud.datastore.emulator.impl.firestore.FirestoreEmulatorHelper.read(FirestoreEmulatorHelper.java:264)
	at com.google.cloud.datastore.emulator.impl.firestore.CloudFirestoreV1.getDocument(CloudFirestoreV1.java:338)
	at com.google.cloud.datastore.emulator.impl.firestore.CloudFirestoreV1Router.getDocument(CloudFirestoreV1Router.java:131)
	at com.google.cloud.datastore.emulator.impl.firestore.CloudFirestoreV1Router.getOrListDocuments(CloudFirestoreV1Router.java:125)
	at com.google.cloud.datastore.emulator.firestore.v1.FirestoreV1GrpcAdapter$1.lambda$getOrListDocuments$0(FirestoreV1GrpcAdapter.java:108)
	at com.google.cloud.datastore.emulator.firestore.v1.FirestoreV1GrpcAdapter.unary(FirestoreV1GrpcAdapter.java:72)
	at com.google.cloud.datastore.emulator.firestore.v1.FirestoreV1GrpcAdapter$1.getOrListDocuments(FirestoreV1GrpcAdapter.java:108)
	at com.google.firestore.v1.FirestoreGrpc$MethodHandlers.invoke(FirestoreGrpc.java:1376)
	at io.grpc.stub.ServerCalls$UnaryServerCallHandler$UnaryServerCallListener.onHalfClose(ServerCalls.java:182)
	at io.grpc.PartialForwardingServerCallListener.onHalfClose(PartialForwardingServerCallListener.java:35)
	at io.grpc.ForwardingServerCallListener.onHalfClose(ForwardingServerCallListener.java:23)
	at io.grpc.ForwardingServerCallListener$SimpleForwardingServerCallListener.onHalfClose(ForwardingServerCallListener.java:40)
	at io.grpc.Contexts$ContextualizedServerCallListener.onHalfClose(Contexts.java:86)
	at io.grpc.PartialForwardingServerCallListener.onHalfClose(PartialForwardingServerCallListener.java:35)
	at io.grpc.ForwardingServerCallListener.onHalfClose(ForwardingServerCallListener.java:23)
	at io.grpc.ForwardingServerCallListener$SimpleForwardingServerCallListener.onHalfClose(ForwardingServerCallListener.java:40)
	at io.grpc.Contexts$ContextualizedServerCallListener.onHalfClose(Contexts.java:86)
	at io.grpc.internal.ServerCallImpl$ServerStreamListenerImpl.halfClosed(ServerCallImpl.java:356)
	at io.grpc.internal.ServerImpl$JumpToApplicationThreadServerStreamListener$1HalfClosed.runInContext(ServerImpl.java:879)
	at io.grpc.internal.ContextRunnable.run(ContextRunnable.java:37)
	at io.grpc.internal.SerializingExecutor.run(SerializingExecutor.java:133)
	at java.base/java.util.concurrent.ThreadPoolExecutor.runWorker(ThreadPoolExecutor.java:1090)
	at java.base/java.util.concurrent.ThreadPoolExecutor$Worker.run(ThreadPoolExecutor.java:614)
	at java.base/java.lang.Thread.run(Thread.java:1474)

Aug 28, 2026 10:13:09 AM io.gapi.emulators.netty.HttpHandler$1 onError
INFO: Exception when handling request: PERMISSION_DENIED: 
evaluation error at L490:22 for 'get' @ L490, false for 'get' @ L1179, false for 'get' @ L490, false for 'get' @ L1179
Aug 28, 2026 10:13:09 AM com.google.cloud.datastore.emulator.impl.util.WrappedStreamObserver onError
WARNING: Operation failed: 
evaluation error at L493:24 for 'create' @ L493, false for 'create' @ L1179, evaluation error at L509:24 for 'update' @ L509, false for 'update' @ L526, false for 'update' @ L1179, false for 'create' @ L493, false for 'create' @ L1179
com.google.cloud.datastore.core.exception.DatastoreException: 
evaluation error at L493:24 for 'create' @ L493, false for 'create' @ L1179, evaluation error at L509:24 for 'update' @ L509, false for 'update' @ L526, false for 'update' @ L1179, false for 'create' @ L493, false for 'create' @ L1179
	at com.google.cloud.datastore.core.exception.DatastoreException$Builder.build(DatastoreException.java:152)
	at com.google.cloud.datastore.emulator.impl.rules.DefaultEmulatorRulesAuthorizer.verboseError(DefaultEmulatorRulesAuthorizer.java:349)
	at com.google.cloud.datastore.emulator.impl.rules.DefaultEmulatorRulesAuthorizer.withVerboseErrors(DefaultEmulatorRulesAuthorizer.java:326)
	at com.google.cloud.datastore.emulator.impl.rules.DefaultEmulatorRulesAuthorizer.checkCommit(DefaultEmulatorRulesAuthorizer.java:113)
	at com.google.cloud.datastore.emulator.impl.firestore.FirestoreEmulatorHelper.commitHelper(FirestoreEmulatorHelper.java:407)
	at com.google.cloud.datastore.emulator.impl.firestore.FirestoreEmulatorHelper.internalCommit(FirestoreEmulatorHelper.java:348)
	at com.google.cloud.datastore.emulator.impl.firestore.CloudFirestoreV1.internalCommit(CloudFirestoreV1.java:1336)
	at com.google.cloud.datastore.emulator.impl.firestore.CloudFirestoreV1.updateDocument(CloudFirestoreV1.java:468)
	at com.google.cloud.datastore.emulator.impl.firestore.CloudFirestoreV1Router.updateDocument(CloudFirestoreV1Router.java:151)
	at com.google.cloud.datastore.emulator.firestore.v1.FirestoreV1GrpcAdapter$1.lambda$updateDocument$0(FirestoreV1GrpcAdapter.java:132)
	at com.google.cloud.datastore.emulator.firestore.v1.FirestoreV1GrpcAdapter.unary(FirestoreV1GrpcAdapter.java:72)
	at com.google.cloud.datastore.emulator.firestore.v1.FirestoreV1GrpcAdapter$1.updateDocument(FirestoreV1GrpcAdapter.java:132)
	at com.google.firestore.v1.FirestoreGrpc$MethodHandlers.invoke(FirestoreGrpc.java:1388)
	at io.grpc.stub.ServerCalls$UnaryServerCallHandler$UnaryServerCallListener.onHalfClose(ServerCalls.java:182)
	at io.grpc.PartialForwardingServerCallListener.onHalfClose(PartialForwardingServerCallListener.java:35)
	at io.grpc.ForwardingServerCallListener.onHalfClose(ForwardingServerCallListener.java:23)
	at io.grpc.ForwardingServerCallListener$SimpleForwardingServerCallListener.onHalfClose(ForwardingServerCallListener.java:40)
	at io.grpc.Contexts$ContextualizedServerCallListener.onHalfClose(Contexts.java:86)
	at io.grpc.PartialForwardingServerCallListener.onHalfClose(PartialForwardingServerCallListener.java:35)
	at io.grpc.ForwardingServerCallListener.onHalfClose(ForwardingServerCallListener.java:23)
	at io.grpc.ForwardingServerCallListener$SimpleForwardingServerCallListener.onHalfClose(ForwardingServerCallListener.java:40)
	at io.grpc.Contexts$ContextualizedServerCallListener.onHalfClose(Contexts.java:86)
	at io.grpc.internal.ServerCallImpl$ServerStreamListenerImpl.halfClosed(ServerCallImpl.java:356)
	at io.grpc.internal.ServerImpl$JumpToApplicationThreadServerStreamListener$1HalfClosed.runInContext(ServerImpl.java:879)
	at io.grpc.internal.ContextRunnable.run(ContextRunnable.java:37)
	at io.grpc.internal.SerializingExecutor.run(SerializingExecutor.java:133)
	at java.base/java.util.concurrent.ThreadPoolExecutor.runWorker(ThreadPoolExecutor.java:1090)
	at java.base/java.util.concurrent.ThreadPoolExecutor$Worker.run(ThreadPoolExecutor.java:614)
	at java.base/java.lang.Thread.run(Thread.java:1474)

Aug 28, 2026 10:13:09 AM io.gapi.emulators.netty.HttpHandler$1 onError
INFO: Exception when handling request: PERMISSION_DENIED: 
evaluation error at L493:24 for 'create' @ L493, false for 'create' @ L1179, evaluation error at L509:24 for 'update' @ L509, false for 'update' @ L526, false for 'update' @ L1179, false for 'create' @ L493, false for 'create' @ L1179
Aug 28, 2026 10:13:09 AM com.google.cloud.datastore.emulator.impl.util.WrappedStreamObserver onError
WARNING: Operation failed: Document (projects/demo-dragonswood-v33/databases/(default)/documents/students/k7RPePrfluBNIXH80qAhk3b3ktn1) not found.
com.google.cloud.datastore.core.exception.DatastoreException: Document (projects/demo-dragonswood-v33/databases/(default)/documents/students/k7RPePrfluBNIXH80qAhk3b3ktn1) not found.
	at com.google.cloud.datastore.emulator.impl.firestore.CloudFirestoreV1.getDocument(CloudFirestoreV1.java:342)
	at com.google.cloud.datastore.emulator.impl.firestore.CloudFirestoreV1Router.getDocument(CloudFirestoreV1Router.java:131)
	at com.google.cloud.datastore.emulator.impl.firestore.CloudFirestoreV1Router.getOrListDocuments(CloudFirestoreV1Router.java:125)
	at com.google.cloud.datastore.emulator.firestore.v1.FirestoreV1GrpcAdapter$1.lambda$getOrListDocuments$0(FirestoreV1GrpcAdapter.java:108)
	at com.google.cloud.datastore.emulator.firestore.v1.FirestoreV1GrpcAdapter.unary(FirestoreV1GrpcAdapter.java:72)
	at com.google.cloud.datastore.emulator.firestore.v1.FirestoreV1GrpcAdapter$1.getOrListDocuments(FirestoreV1GrpcAdapter.java:108)
	at com.google.firestore.v1.FirestoreGrpc$MethodHandlers.invoke(FirestoreGrpc.java:1376)
	at io.grpc.stub.ServerCalls$UnaryServerCallHandler$UnaryServerCallListener.onHalfClose(ServerCalls.java:182)
	at io.grpc.PartialForwardingServerCallListener.onHalfClose(PartialForwardingServerCallListener.java:35)
	at io.grpc.ForwardingServerCallListener.onHalfClose(ForwardingServerCallListener.java:23)
	at io.grpc.ForwardingServerCallListener$SimpleForwardingServerCallListener.onHalfClose(ForwardingServerCallListener.java:40)
	at io.grpc.Contexts$ContextualizedServerCallListener.onHalfClose(Contexts.java:86)
	at io.grpc.PartialForwardingServerCallListener.onHalfClose(PartialForwardingServerCallListener.java:35)
	at io.grpc.ForwardingServerCallListener.onHalfClose(ForwardingServerCallListener.java:23)
	at io.grpc.ForwardingServerCallListener$SimpleForwardingServerCallListener.onHalfClose(ForwardingServerCallListener.java:40)
	at io.grpc.Contexts$ContextualizedServerCallListener.onHalfClose(Contexts.java:86)
	at io.grpc.internal.ServerCallImpl$ServerStreamListenerImpl.halfClosed(ServerCallImpl.java:356)
	at io.grpc.internal.ServerImpl$JumpToApplicationThreadServerStreamListener$1HalfClosed.runInContext(ServerImpl.java:879)
	at io.grpc.internal.ContextRunnable.run(ContextRunnable.java:37)
	at io.grpc.internal.SerializingExecutor.run(SerializingExecutor.java:133)
	at java.base/java.util.concurrent.ThreadPoolExecutor.runWorker(ThreadPoolExecutor.java:1090)
	at java.base/java.util.concurrent.ThreadPoolExecutor$Worker.run(ThreadPoolExecutor.java:614)
	at java.base/java.lang.Thread.run(Thread.java:1474)

Aug 28, 2026 10:13:09 AM io.gapi.emulators.netty.HttpHandler$1 onError
INFO: Exception when handling request: NOT_FOUND: Document (projects/demo-dragonswood-v33/databases/(default)/documents/students/k7RPePrfluBNIXH80qAhk3b3ktn1) not found.
Aug 28, 2026 10:13:09 AM com.google.cloud.datastore.emulator.impl.util.WrappedStreamObserver onError
WARNING: Operation failed: 
evaluation error at L138:22 for 'get' @ L138, false for 'get' @ L1179, false for 'get' @ L138, false for 'get' @ L1179
com.google.cloud.datastore.core.exception.DatastoreException: 
evaluation error at L138:22 for 'get' @ L138, false for 'get' @ L1179, false for 'get' @ L138, false for 'get' @ L1179
	at com.google.cloud.datastore.core.exception.DatastoreException$Builder.build(DatastoreException.java:152)
	at com.google.cloud.datastore.emulator.impl.rules.DefaultEmulatorRulesAuthorizer.verboseError(DefaultEmulatorRulesAuthorizer.java:349)
	at com.google.cloud.datastore.emulator.impl.rules.DefaultEmulatorRulesAuthorizer.withVerboseErrors(DefaultEmulatorRulesAuthorizer.java:326)
	at com.google.cloud.datastore.emulator.impl.rules.DefaultEmulatorRulesAuthorizer.checkLookup(DefaultEmulatorRulesAuthorizer.java:157)
	at com.google.cloud.datastore.emulator.impl.firestore.FirestoreEmulatorHelper.snapshotRead(FirestoreEmulatorHelper.java:318)
	at com.google.cloud.datastore.emulator.impl.firestore.FirestoreEmulatorHelper.lambda$read$0(FirestoreEmulatorHelper.java:265)
	at com.google.cloud.datastore.emulator.impl.transactions.EmulatorTransactionManager$ReadOnlyTransaction.fold(EmulatorTransactionManager.java:492)
	at com.google.cloud.datastore.emulator.impl.firestore.FirestoreEmulatorHelper.read(FirestoreEmulatorHelper.java:264)
	at com.google.cloud.datastore.emulator.impl.firestore.CloudFirestoreV1.getDocument(CloudFirestoreV1.java:338)
	at com.google.cloud.datastore.emulator.impl.firestore.CloudFirestoreV1Router.getDocument(CloudFirestoreV1Router.java:131)
	at com.google.cloud.datastore.emulator.impl.firestore.CloudFirestoreV1Router.getOrListDocuments(CloudFirestoreV1Router.java:125)
	at com.google.cloud.datastore.emulator.firestore.v1.FirestoreV1GrpcAdapter$1.lambda$getOrListDocuments$0(FirestoreV1GrpcAdapter.java:108)
	at com.google.cloud.datastore.emulator.firestore.v1.FirestoreV1GrpcAdapter.unary(FirestoreV1GrpcAdapter.java:72)
	at com.google.cloud.datastore.emulator.firestore.v1.FirestoreV1GrpcAdapter$1.getOrListDocuments(FirestoreV1GrpcAdapter.java:108)
	at com.google.firestore.v1.FirestoreGrpc$MethodHandlers.invoke(FirestoreGrpc.java:1376)
	at io.grpc.stub.ServerCalls$UnaryServerCallHandler$UnaryServerCallListener.onHalfClose(ServerCalls.java:182)
	at io.grpc.PartialForwardingServerCallListener.onHalfClose(PartialForwardingServerCallListener.java:35)
	at io.grpc.ForwardingServerCallListener.onHalfClose(ForwardingServerCallListener.java:23)
	at io.grpc.ForwardingServerCallListener$SimpleForwardingServerCallListener.onHalfClose(ForwardingServerCallListener.java:40)
	at io.grpc.Contexts$ContextualizedServerCallListener.onHalfClose(Contexts.java:86)
	at io.grpc.PartialForwardingServerCallListener.onHalfClose(PartialForwardingServerCallListener.java:35)
	at io.grpc.ForwardingServerCallListener.onHalfClose(ForwardingServerCallListener.java:23)
	at io.grpc.ForwardingServerCallListener$SimpleForwardingServerCallListener.onHalfClose(ForwardingServerCallListener.java:40)
	at io.grpc.Contexts$ContextualizedServerCallListener.onHalfClose(Contexts.java:86)
	at io.grpc.internal.ServerCallImpl$ServerStreamListenerImpl.halfClosed(ServerCallImpl.java:356)
	at io.grpc.internal.ServerImpl$JumpToApplicationThreadServerStreamListener$1HalfClosed.runInContext(ServerImpl.java:879)
	at io.grpc.internal.ContextRunnable.run(ContextRunnable.java:37)
	at io.grpc.internal.SerializingExecutor.run(SerializingExecutor.java:133)
	at java.base/java.util.concurrent.ThreadPoolExecutor.runWorker(ThreadPoolExecutor.java:1090)
	at java.base/java.util.concurrent.ThreadPoolExecutor$Worker.run(ThreadPoolExecutor.java:614)
	at java.base/java.lang.Thread.run(Thread.java:1474)

Aug 28, 2026 10:13:09 AM io.gapi.emulators.netty.HttpHandler$1 onError
INFO: Exception when handling request: PERMISSION_DENIED: 
evaluation error at L138:22 for 'get' @ L138, false for 'get' @ L1179, false for 'get' @ L138, false for 'get' @ L1179
Aug 28, 2026 10:13:09 AM com.google.cloud.datastore.emulator.impl.util.WrappedStreamObserver onError
WARNING: Operation failed: 
Null value error. for 'list' @ L159, false for 'list' @ L1179
com.google.cloud.datastore.core.exception.DatastoreException: 
Null value error. for 'list' @ L159, false for 'list' @ L1179
	at com.google.cloud.datastore.core.exception.DatastoreException$Builder.build(DatastoreException.java:152)
	at com.google.cloud.datastore.emulator.impl.rules.DefaultEmulatorRulesAuthorizer.verboseError(DefaultEmulatorRulesAuthorizer.java:349)
	at com.google.cloud.datastore.emulator.impl.rules.DefaultEmulatorRulesAuthorizer.withVerboseErrors(DefaultEmulatorRulesAuthorizer.java:326)
	at com.google.cloud.datastore.emulator.impl.rules.DefaultEmulatorRulesAuthorizer.checkQuery(DefaultEmulatorRulesAuthorizer.java:193)
	at com.google.cloud.datastore.emulator.impl.firestore.FirestoreEmulatorHelper.ruleAuthorizeAndReadEntities(FirestoreEmulatorHelper.java:838)
	at com.google.cloud.datastore.emulator.impl.firestore.FirestoreEmulatorHelper.snapshotQuery(FirestoreEmulatorHelper.java:696)
	at com.google.cloud.datastore.emulator.impl.firestore.FirestoreEmulatorHelper.lambda$query$0(FirestoreEmulatorHelper.java:680)
	at com.google.cloud.datastore.emulator.impl.transactions.EmulatorTransactionManager$ReadOnlyTransaction.fold(EmulatorTransactionManager.java:492)
	at com.google.cloud.datastore.emulator.impl.firestore.FirestoreEmulatorHelper.query(FirestoreEmulatorHelper.java:678)
	at com.google.cloud.datastore.emulator.impl.firestore.CloudFirestoreV1.listDocuments(CloudFirestoreV1.java:377)
	at com.google.cloud.datastore.emulator.impl.firestore.CloudFirestoreV1Router.listDocuments(CloudFirestoreV1Router.java:138)
	at com.google.cloud.datastore.emulator.impl.firestore.CloudFirestoreV1Router.getOrListDocuments(CloudFirestoreV1Router.java:122)
	at com.google.cloud.datastore.emulator.firestore.v1.FirestoreV1GrpcAdapter$1.lambda$getOrListDocuments$0(FirestoreV1GrpcAdapter.java:108)
	at com.google.cloud.datastore.emulator.firestore.v1.FirestoreV1GrpcAdapter.unary(FirestoreV1GrpcAdapter.java:72)
	at com.google.cloud.datastore.emulator.firestore.v1.FirestoreV1GrpcAdapter$1.getOrListDocuments(FirestoreV1GrpcAdapter.java:108)
	at com.google.firestore.v1.FirestoreGrpc$MethodHandlers.invoke(FirestoreGrpc.java:1376)
	at io.grpc.stub.ServerCalls$UnaryServerCallHandler$UnaryServerCallListener.onHalfClose(ServerCalls.java:182)
	at io.grpc.PartialForwardingServerCallListener.onHalfClose(PartialForwardingServerCallListener.java:35)
	at io.grpc.ForwardingServerCallListener.onHalfClose(ForwardingServerCallListener.java:23)
	at io.grpc.ForwardingServerCallListener$SimpleForwardingServerCallListener.onHalfClose(ForwardingServerCallListener.java:40)
	at io.grpc.Contexts$ContextualizedServerCallListener.onHalfClose(Contexts.java:86)
	at io.grpc.PartialForwardingServerCallListener.onHalfClose(PartialForwardingServerCallListener.java:35)
	at io.grpc.ForwardingServerCallListener.onHalfClose(ForwardingServerCallListener.java:23)
	at io.grpc.ForwardingServerCallListener$SimpleForwardingServerCallListener.onHalfClose(ForwardingServerCallListener.java:40)
	at io.grpc.Contexts$ContextualizedServerCallListener.onHalfClose(Contexts.java:86)
	at io.grpc.internal.ServerCallImpl$ServerStreamListenerImpl.halfClosed(ServerCallImpl.java:356)
	at io.grpc.internal.ServerImpl$JumpToApplicationThreadServerStreamListener$1HalfClosed.runInContext(ServerImpl.java:879)
	at io.grpc.internal.ContextRunnable.run(ContextRunnable.java:37)
	at io.grpc.internal.SerializingExecutor.run(SerializingExecutor.java:133)
	at java.base/java.util.concurrent.ThreadPoolExecutor.runWorker(ThreadPoolExecutor.java:1090)
	at java.base/java.util.concurrent.ThreadPoolExecutor$Worker.run(ThreadPoolExecutor.java:614)
	at java.base/java.lang.Thread.run(Thread.java:1474)

Aug 28, 2026 10:13:09 AM io.gapi.emulators.netty.HttpHandler$1 onError
INFO: Exception when handling request: PERMISSION_DENIED: 
Null value error. for 'list' @ L159, false for 'list' @ L1179
Aug 28, 2026 10:13:10 AM com.google.cloud.datastore.emulator.impl.util.WrappedStreamObserver onError
WARNING: Operation failed: 
evaluation error at L161:24 for 'create' @ L161, false for 'create' @ L1179, evaluation error at L167:24 for 'update' @ L167, evaluation error at L179:24 for 'update' @ L179, evaluation error at L187:24 for 'update' @ L187, evaluation error at L201:24 for 'update' @ L201, evaluation error at L248:24 for 'update' @ L248, evaluation error at L257:24 for 'update' @ L257, evaluation error at L276:24 for 'update' @ L276, Unable to evaluate the expression as the maximum of 1000 expressions to evaluate has been reached. for 'update' @ L288, Unable to evaluate the expression as the maximum of 1000 expressions to evaluate has been reached. for 'update' @ L323, Unable to evaluate the expression as the maximum of 1000 expressions to evaluate has been reached. for 'update' @ L334, Unable to evaluate the expression as the maximum of 1000 expressions to evaluate has been reached. for 'update' @ L1179, false for 'update' @ L167, false for 'update' @ L179, false for 'update' @ L187, Property lastGameClaimId is undefined on object. for 'update' @ L201, false for 'update' @ L248, false for 'update' @ L257, false for 'update' @ L276, false for 'update' @ L288, false for 'update' @ L323, false for 'update' @ L334, false for 'update' @ L1179
com.google.cloud.datastore.core.exception.DatastoreException: 
evaluation error at L161:24 for 'create' @ L161, false for 'create' @ L1179, evaluation error at L167:24 for 'update' @ L167, evaluation error at L179:24 for 'update' @ L179, evaluation error at L187:24 for 'update' @ L187, evaluation error at L201:24 for 'update' @ L201, evaluation error at L248:24 for 'update' @ L248, evaluation error at L257:24 for 'update' @ L257, evaluation error at L276:24 for 'update' @ L276, Unable to evaluate the expression as the maximum of 1000 expressions to evaluate has been reached. for 'update' @ L288, Unable to evaluate the expression as the maximum of 1000 expressions to evaluate has been reached. for 'update' @ L323, Unable to evaluate the expression as the maximum of 1000 expressions to evaluate has been reached. for 'update' @ L334, Unable to evaluate the expression as the maximum of 1000 expressions to evaluate has been reached. for 'update' @ L1179, false for 'update' @ L167, false for 'update' @ L179, false for 'update' @ L187, Property lastGameClaimId is undefined on object. for 'update' @ L201, false for 'update' @ L248, false for 'update' @ L257, false for 'update' @ L276, false for 'update' @ L288, false for 'update' @ L323, false for 'update' @ L334, false for 'update' @ L1179
	at com.google.cloud.datastore.core.exception.DatastoreException$Builder.build(DatastoreException.java:152)
	at com.google.cloud.datastore.emulator.impl.rules.DefaultEmulatorRulesAuthorizer.verboseError(DefaultEmulatorRulesAuthorizer.java:349)
	at com.google.cloud.datastore.emulator.impl.rules.DefaultEmulatorRulesAuthorizer.withVerboseErrors(DefaultEmulatorRulesAuthorizer.java:326)
	at com.google.cloud.datastore.emulator.impl.rules.DefaultEmulatorRulesAuthorizer.checkCommit(DefaultEmulatorRulesAuthorizer.java:113)
	at com.google.cloud.datastore.emulator.impl.firestore.FirestoreEmulatorHelper.commitHelper(FirestoreEmulatorHelper.java:407)
	at com.google.cloud.datastore.emulator.impl.firestore.FirestoreEmulatorHelper.internalCommit(FirestoreEmulatorHelper.java:348)
	at com.google.cloud.datastore.emulator.impl.firestore.CloudFirestoreV1.internalCommit(CloudFirestoreV1.java:1336)
	at com.google.cloud.datastore.emulator.impl.firestore.CloudFirestoreV1.updateDocument(CloudFirestoreV1.java:468)
	at com.google.cloud.datastore.emulator.impl.firestore.CloudFirestoreV1Router.updateDocument(CloudFirestoreV1Router.java:151)
	at com.google.cloud.datastore.emulator.firestore.v1.FirestoreV1GrpcAdapter$1.lambda$updateDocument$0(FirestoreV1GrpcAdapter.java:132)
	at com.google.cloud.datastore.emulator.firestore.v1.FirestoreV1GrpcAdapter.unary(FirestoreV1GrpcAdapter.java:72)
	at com.google.cloud.datastore.emulator.firestore.v1.FirestoreV1GrpcAdapter$1.updateDocument(FirestoreV1GrpcAdapter.java:132)
	at com.google.firestore.v1.FirestoreGrpc$MethodHandlers.invoke(FirestoreGrpc.java:1388)
	at io.grpc.stub.ServerCalls$UnaryServerCallHandler$UnaryServerCallListener.onHalfClose(ServerCalls.java:182)
	at io.grpc.PartialForwardingServerCallListener.onHalfClose(PartialForwardingServerCallListener.java:35)
	at io.grpc.ForwardingServerCallListener.onHalfClose(ForwardingServerCallListener.java:23)
	at io.grpc.ForwardingServerCallListener$SimpleForwardingServerCallListener.onHalfClose(ForwardingServerCallListener.java:40)
	at io.grpc.Contexts$ContextualizedServerCallListener.onHalfClose(Contexts.java:86)
	at io.grpc.PartialForwardingServerCallListener.onHalfClose(PartialForwardingServerCallListener.java:35)
	at io.grpc.ForwardingServerCallListener.onHalfClose(ForwardingServerCallListener.java:23)
	at io.grpc.ForwardingServerCallListener$SimpleForwardingServerCallListener.onHalfClose(ForwardingServerCallListener.java:40)
	at io.grpc.Contexts$ContextualizedServerCallListener.onHalfClose(Contexts.java:86)
	at io.grpc.internal.ServerCallImpl$ServerStreamListenerImpl.halfClosed(ServerCallImpl.java:356)
	at io.grpc.internal.ServerImpl$JumpToApplicationThreadServerStreamListener$1HalfClosed.runInContext(ServerImpl.java:879)
	at io.grpc.internal.ContextRunnable.run(ContextRunnable.java:37)
	at io.grpc.internal.SerializingExecutor.run(SerializingExecutor.java:133)
	at java.base/java.util.concurrent.ThreadPoolExecutor.runWorker(ThreadPoolExecutor.java:1090)
	at java.base/java.util.concurrent.ThreadPoolExecutor$Worker.run(ThreadPoolExecutor.java:614)
	at java.base/java.lang.Thread.run(Thread.java:1474)
Caused by: com.google.firebase.rules.runtime.common.EvaluationException: Error: /workspaces/Dragonswood/firestore.rules line [216], column [24]. Property lastGameClaimId is undefined on object.
	at com.google.firebase.rules.runtime.impl.DefaultEvaluator$TransformEvaluationException.apply(DefaultEvaluator.java:275)
	at com.google.firebase.rules.runtime.impl.DefaultEvaluator$TransformEvaluationException.apply(DefaultEvaluator.java:261)
	at com.google.common.util.concurrent.AbstractCatchingFuture$AsyncCatchingFuture.doFallback(AbstractCatchingFuture.java:207)
	at com.google.common.util.concurrent.AbstractCatchingFuture$AsyncCatchingFuture.doFallback(AbstractCatchingFuture.java:194)
	at com.google.common.util.concurrent.AbstractCatchingFuture.run(AbstractCatchingFuture.java:136)
	at com.google.common.util.concurrent.DirectExecutor.execute(DirectExecutor.java:30)
	at com.google.common.util.concurrent.AbstractFuture.executeListener(AbstractFuture.java:1045)
	at com.google.common.util.concurrent.AbstractFuture.addListener(AbstractFuture.java:492)
	at com.google.common.util.concurrent.FluentFuture$TrustedFuture.addListener(FluentFuture.java:122)
	at com.google.common.util.concurrent.AbstractCatchingFuture.createAsync(AbstractCatchingFuture.java:58)
	at com.google.common.util.concurrent.Futures.catchingAsync(Futures.java:411)
	at com.google.firebase.rules.runtime.impl.DefaultEvaluator.evaluate(DefaultEvaluator.java:177)
	at com.google.cloud.datastore.emulator.impl.rules.EmulatorRuleClient$EmulatorRuleEvaluator.evaluate(EmulatorRuleClient.java:88)
	at com.google.cloud.datastore.core.auth.rules.AsyncTwoPhaseRulesAuthorizer.lambda$fullEvaluate$0(AsyncTwoPhaseRulesAuthorizer.java:993)
	at com.google.cloud.datastore.computation.Computation.tryCatch(Computation.java:472)
	at com.google.cloud.datastore.core.auth.rules.AsyncTwoPhaseRulesAuthorizer.fullEvaluate(AsyncTwoPhaseRulesAuthorizer.java:992)
	at com.google.cloud.datastore.core.auth.rules.AsyncTwoPhaseRulesAuthorizer$WriteAuthorizerImpl.lambda$checkWrite$0(AsyncTwoPhaseRulesAuthorizer.java:1227)
	at com.google.cloud.datastore.computation.Computation.lambda$tryClose$1(Computation.java:741)
	at com.google.cloud.datastore.computation.Computation.tryCatch(Computation.java:472)
	at com.google.cloud.datastore.computation.Computation.tryFinally(Computation.java:708)
	at com.google.cloud.datastore.computation.Computation.tryFinally(Computation.java:714)
	at com.google.cloud.datastore.computation.Computation.tryClose(Computation.java:741)
	at com.google.cloud.datastore.core.auth.rules.AsyncTwoPhaseRulesAuthorizer$WriteAuthorizerImpl.checkWrite(AsyncTwoPhaseRulesAuthorizer.java:1199)
	at com.google.cloud.datastore.emulator.impl.rules.DefaultEmulatorRulesAuthorizer.lambda$checkCommit$2(DefaultEmulatorRulesAuthorizer.java:124)
	at com.google.cloud.datastore.computation.Computation.run(Computation.java:82)
	at com.google.cloud.datastore.computation.Computation$Terminated.toFuture(Computation.java:950)
	at com.google.cloud.datastore.computation.Computation.toFuture(Computation.java:93)
	at com.google.cloud.datastore.emulator.impl.rules.DefaultEmulatorRulesAuthorizer.finish(DefaultEmulatorRulesAuthorizer.java:308)
	at com.google.cloud.datastore.emulator.impl.rules.DefaultEmulatorRulesAuthorizer.lambda$checkCommit$0(DefaultEmulatorRulesAuthorizer.java:122)
	at com.google.cloud.datastore.emulator.impl.rules.DefaultEmulatorRulesAuthorizer.withVerboseErrors(DefaultEmulatorRulesAuthorizer.java:321)
	... 26 more

Aug 28, 2026 10:13:10 AM io.gapi.emulators.netty.HttpHandler$1 onError
INFO: Exception when handling request: PERMISSION_DENIED: 
evaluation error at L161:24 for 'create' @ L161, false for 'create' @ L1179, evaluation error at L167:24 for 'update' @ L167, evaluation error at L179:24 for 'update' @ L179, evaluation error at L187:24 for 'update' @ L187, evaluation error at L201:24 for 'update' @ L201, evaluation error at L248:24 for 'update' @ L248, evaluation error at L257:24 for 'update' @ L257, evaluation error at L276:24 for 'update' @ L276, Unable to evaluate the expression as the maximum of 1000 expressions to evaluate has been reached. for 'update' @ L288, Unable to evaluate the expression as the maximum of 1000 expressions to evaluate has been reached. for 'update' @ L323, Unable to evaluate the expression as the maximum of 1000 expressions to evaluate has been reached. for 'update' @ L334, Unable to evaluate the expression as the maximum of 1000 expressions to evaluate has been reached. for 'update' @ L1179, false for 'update' @ L167, false for 'update' @ L179, false for 'update' @ L187, Property lastGameClaimId is undefined on object. for 'update' @ L201, false for 'update' @ L248, false for 'update' @ L257, false for 'update' @ L276, false for 'update' @ L288, false for 'update' @ L323, false for 'update' @ L334, false for 'update' @ L1179
Aug 28, 2026 10:13:11 AM io.gapi.emulators.netty.HttpVersionRoutingHandler channelRead
INFO: Detected non-HTTP/2 connection.
Aug 28, 2026 10:13:11 AM io.gapi.emulators.netty.HttpVersionRoutingHandler channelRead
INFO: Detected non-HTTP/2 connection.
Aug 28, 2026 10:13:11 AM io.gapi.emulators.netty.HttpVersionRoutingHandler channelRead
INFO: Detected non-HTTP/2 connection.
Aug 28, 2026 10:13:12 AM io.gapi.emulators.netty.HttpVersionRoutingHandler channelRead
INFO: Detected non-HTTP/2 connection.
Aug 28, 2026 10:13:12 AM io.gapi.emulators.netty.HttpVersionRoutingHandler channelRead
INFO: Detected non-HTTP/2 connection.
Aug 28, 2026 10:13:12 AM io.gapi.emulators.netty.HttpVersionRoutingHandler channelRead
INFO: Detected non-HTTP/2 connection.
Aug 28, 2026 10:13:12 AM io.gapi.emulators.netty.HttpVersionRoutingHandler channelRead
INFO: Detected non-HTTP/2 connection.
Aug 28, 2026 10:13:12 AM io.gapi.emulators.netty.HttpVersionRoutingHandler channelRead
INFO: Detected non-HTTP/2 connection.
Aug 28, 2026 10:13:12 AM io.gapi.emulators.netty.HttpVersionRoutingHandler channelRead
INFO: Detected non-HTTP/2 connection.
Aug 28, 2026 10:13:12 AM io.gapi.emulators.netty.HttpVersionRoutingHandler channelRead
INFO: Detected non-HTTP/2 connection.
Aug 28, 2026 10:13:12 AM io.gapi.emulators.netty.HttpVersionRoutingHandler channelRead
INFO: Detected non-HTTP/2 connection.
Aug 28, 2026 10:13:12 AM io.gapi.emulators.netty.HttpVersionRoutingHandler channelRead
INFO: Detected non-HTTP/2 connection.
Aug 28, 2026 10:13:13 AM io.gapi.emulators.netty.HttpVersionRoutingHandler channelRead
INFO: Detected non-HTTP/2 connection.
Aug 28, 2026 10:13:13 AM io.gapi.emulators.netty.HttpVersionRoutingHandler channelRead
INFO: Detected non-HTTP/2 connection.
Aug 28, 2026 10:13:14 AM io.gapi.emulators.netty.HttpVersionRoutingHandler channelRead
INFO: Detected non-HTTP/2 connection.
Aug 28, 2026 10:13:14 AM io.gapi.emulators.netty.HttpVersionRoutingHandler channelRead
INFO: Detected non-HTTP/2 connection.
Aug 28, 2026 10:13:14 AM io.gapi.emulators.netty.HttpVersionRoutingHandler channelRead
INFO: Detected non-HTTP/2 connection.
Aug 28, 2026 10:13:14 AM io.gapi.emulators.netty.HttpVersionRoutingHandler channelRead
INFO: Detected non-HTTP/2 connection.
Aug 28, 2026 10:13:14 AM io.gapi.emulators.netty.HttpVersionRoutingHandler channelRead
INFO: Detected non-HTTP/2 connection.
Aug 28, 2026 10:13:14 AM io.gapi.emulators.netty.HttpVersionRoutingHandler channelRead
INFO: Detected non-HTTP/2 connection.
Aug 28, 2026 10:13:14 AM io.gapi.emulators.netty.HttpVersionRoutingHandler channelRead
INFO: Detected non-HTTP/2 connection.
Aug 28, 2026 10:13:14 AM io.gapi.emulators.netty.HttpVersionRoutingHandler channelRead
INFO: Detected non-HTTP/2 connection.
Aug 28, 2026 10:13:14 AM io.gapi.emulators.netty.HttpVersionRoutingHandler channelRead
INFO: Detected non-HTTP/2 connection.
Aug 28, 2026 10:13:14 AM io.gapi.emulators.netty.HttpVersionRoutingHandler channelRead
INFO: Detected non-HTTP/2 connection.
Aug 28, 2026 10:13:15 AM io.gapi.emulators.netty.HttpVersionRoutingHandler channelRead
INFO: Detected non-HTTP/2 connection.
Aug 28, 2026 10:13:15 AM io.gapi.emulators.netty.HttpVersionRoutingHandler channelRead
INFO: Detected non-HTTP/2 connection.
Aug 28, 2026 10:13:15 AM io.gapi.emulators.netty.HttpVersionRoutingHandler channelRead
INFO: Detected non-HTTP/2 connection.
Aug 28, 2026 10:13:15 AM io.gapi.emulators.netty.HttpVersionRoutingHandler channelRead
INFO: Detected non-HTTP/2 connection.
Aug 28, 2026 10:13:15 AM io.gapi.emulators.netty.HttpVersionRoutingHandler channelRead
INFO: Detected non-HTTP/2 connection.
Aug 28, 2026 10:13:15 AM io.gapi.emulators.netty.HttpVersionRoutingHandler channelRead
INFO: Detected non-HTTP/2 connection.
Aug 28, 2026 10:13:15 AM io.gapi.emulators.netty.HttpVersionRoutingHandler channelRead
INFO: Detected non-HTTP/2 connection.
Aug 28, 2026 10:13:15 AM io.gapi.emulators.netty.HttpVersionRoutingHandler channelRead
INFO: Detected non-HTTP/2 connection.
Aug 28, 2026 10:13:15 AM io.gapi.emulators.netty.HttpVersionRoutingHandler channelRead
INFO: Detected non-HTTP/2 connection.
Aug 28, 2026 10:13:15 AM io.gapi.emulators.netty.HttpVersionRoutingHandler channelRead
INFO: Detected non-HTTP/2 connection.
Aug 28, 2026 10:13:15 AM io.gapi.emulators.netty.HttpVersionRoutingHandler channelRead
INFO: Detected non-HTTP/2 connection.
Aug 28, 2026 10:13:17 AM io.gapi.emulators.netty.HttpVersionRoutingHandler channelRead
INFO: Detected non-HTTP/2 connection.
Aug 28, 2026 10:13:17 AM io.gapi.emulators.netty.HttpVersionRoutingHandler channelRead
INFO: Detected non-HTTP/2 connection.
Aug 28, 2026 10:13:17 AM io.gapi.emulators.netty.HttpVersionRoutingHandler channelRead
INFO: Detected non-HTTP/2 connection.
Aug 28, 2026 10:13:18 AM io.gapi.emulators.netty.HttpVersionRoutingHandler channelRead
INFO: Detected non-HTTP/2 connection.
Aug 28, 2026 10:13:18 AM io.gapi.emulators.netty.HttpVersionRoutingHandler channelRead
INFO: Detected non-HTTP/2 connection.
Aug 28, 2026 10:13:18 AM io.gapi.emulators.netty.HttpVersionRoutingHandler channelRead
INFO: Detected non-HTTP/2 connection.
Aug 28, 2026 10:13:18 AM io.gapi.emulators.netty.HttpVersionRoutingHandler channelRead
INFO: Detected non-HTTP/2 connection.
Aug 28, 2026 10:13:18 AM io.gapi.emulators.netty.HttpVersionRoutingHandler channelRead
INFO: Detected non-HTTP/2 connection.
Aug 28, 2026 10:13:18 AM io.gapi.emulators.netty.HttpVersionRoutingHandler channelRead
INFO: Detected non-HTTP/2 connection.
Aug 28, 2026 10:13:18 AM io.gapi.emulators.netty.HttpVersionRoutingHandler channelRead
INFO: Detected non-HTTP/2 connection.
Aug 28, 2026 10:13:18 AM io.gapi.emulators.netty.HttpVersionRoutingHandler channelRead
INFO: Detected non-HTTP/2 connection.
Aug 28, 2026 10:13:18 AM io.gapi.emulators.netty.HttpVersionRoutingHandler channelRead
INFO: Detected non-HTTP/2 connection.
Aug 28, 2026 10:13:18 AM io.gapi.emulators.netty.HttpVersionRoutingHandler channelRead
INFO: Detected non-HTTP/2 connection.
Aug 28, 2026 10:13:18 AM io.gapi.emulators.netty.HttpVersionRoutingHandler channelRead
INFO: Detected non-HTTP/2 connection.
Aug 28, 2026 10:13:18 AM io.gapi.emulators.netty.HttpVersionRoutingHandler channelRead
INFO: Detected non-HTTP/2 connection.
Aug 28, 2026 10:13:19 AM io.gapi.emulators.netty.HttpVersionRoutingHandler channelRead
INFO: Detected non-HTTP/2 connection.
Aug 28, 2026 10:13:20 AM io.gapi.emulators.netty.HttpVersionRoutingHandler channelRead
INFO: Detected non-HTTP/2 connection.
Aug 28, 2026 10:13:20 AM io.gapi.emulators.netty.HttpVersionRoutingHandler channelRead
INFO: Detected non-HTTP/2 connection.
Aug 28, 2026 10:13:21 AM io.gapi.emulators.netty.HttpVersionRoutingHandler channelRead
INFO: Detected non-HTTP/2 connection.
Aug 28, 2026 10:13:21 AM io.gapi.emulators.netty.HttpVersionRoutingHandler channelRead
INFO: Detected non-HTTP/2 connection.
Aug 28, 2026 10:13:21 AM io.gapi.emulators.netty.HttpVersionRoutingHandler channelRead
INFO: Detected non-HTTP/2 connection.
Aug 28, 2026 10:13:21 AM io.gapi.emulators.netty.HttpVersionRoutingHandler channelRead
INFO: Detected non-HTTP/2 connection.
Aug 28, 2026 10:13:21 AM io.gapi.emulators.netty.HttpVersionRoutingHandler channelRead
INFO: Detected non-HTTP/2 connection.
Aug 28, 2026 10:13:23 AM io.gapi.emulators.netty.HttpVersionRoutingHandler channelRead
INFO: Detected non-HTTP/2 connection.
Aug 28, 2026 10:13:23 AM io.gapi.emulators.netty.HttpVersionRoutingHandler channelRead
INFO: Detected non-HTTP/2 connection.
Aug 28, 2026 10:13:23 AM io.gapi.emulators.netty.HttpVersionRoutingHandler channelRead
INFO: Detected non-HTTP/2 connection.
Aug 28, 2026 10:13:23 AM io.gapi.emulators.netty.HttpVersionRoutingHandler channelRead
INFO: Detected non-HTTP/2 connection.
Aug 28, 2026 10:13:23 AM io.gapi.emulators.netty.HttpVersionRoutingHandler channelRead
INFO: Detected non-HTTP/2 connection.
Aug 28, 2026 10:13:23 AM io.gapi.emulators.netty.HttpVersionRoutingHandler channelRead
INFO: Detected non-HTTP/2 connection.
Aug 28, 2026 10:13:24 AM io.gapi.emulators.netty.HttpVersionRoutingHandler channelRead
INFO: Detected non-HTTP/2 connection.
Aug 28, 2026 10:13:24 AM io.gapi.emulators.netty.HttpVersionRoutingHandler channelRead
INFO: Detected non-HTTP/2 connection.
Aug 28, 2026 10:13:24 AM io.gapi.emulators.netty.HttpVersionRoutingHandler channelRead
INFO: Detected non-HTTP/2 connection.
Aug 28, 2026 10:13:24 AM io.gapi.emulators.netty.HttpVersionRoutingHandler channelRead
INFO: Detected non-HTTP/2 connection.
Aug 28, 2026 10:13:24 AM io.gapi.emulators.netty.HttpVersionRoutingHandler channelRead
INFO: Detected non-HTTP/2 connection.
Aug 28, 2026 10:13:24 AM io.gapi.emulators.netty.HttpVersionRoutingHandler channelRead
INFO: Detected non-HTTP/2 connection.
Aug 28, 2026 10:13:24 AM io.gapi.emulators.netty.HttpVersionRoutingHandler channelRead
INFO: Detected non-HTTP/2 connection.
Aug 28, 2026 10:13:24 AM io.gapi.emulators.netty.HttpVersionRoutingHandler channelRead
INFO: Detected non-HTTP/2 connection.
Aug 28, 2026 10:13:24 AM io.gapi.emulators.netty.HttpVersionRoutingHandler channelRead
INFO: Detected non-HTTP/2 connection.
Aug 28, 2026 10:13:25 AM io.gapi.emulators.netty.HttpVersionRoutingHandler channelRead
INFO: Detected non-HTTP/2 connection.
Aug 28, 2026 10:13:25 AM io.gapi.emulators.netty.HttpVersionRoutingHandler channelRead
INFO: Detected non-HTTP/2 connection.
Aug 28, 2026 10:13:25 AM io.gapi.emulators.netty.HttpVersionRoutingHandler channelRead
INFO: Detected non-HTTP/2 connection.
Aug 28, 2026 10:13:25 AM io.gapi.emulators.netty.HttpVersionRoutingHandler channelRead
INFO: Detected non-HTTP/2 connection.
Aug 28, 2026 10:13:25 AM io.gapi.emulators.netty.HttpVersionRoutingHandler channelRead
INFO: Detected non-HTTP/2 connection.
Aug 28, 2026 10:13:26 AM io.gapi.emulators.netty.HttpVersionRoutingHandler channelRead
INFO: Detected non-HTTP/2 connection.
Aug 28, 2026 10:13:26 AM io.gapi.emulators.netty.HttpVersionRoutingHandler channelRead
INFO: Detected non-HTTP/2 connection.
Aug 28, 2026 10:13:26 AM io.gapi.emulators.netty.HttpVersionRoutingHandler channelRead
INFO: Detected non-HTTP/2 connection.
Aug 28, 2026 10:13:26 AM io.gapi.emulators.netty.HttpVersionRoutingHandler channelRead
INFO: Detected non-HTTP/2 connection.
Aug 28, 2026 10:13:28 AM io.gapi.emulators.netty.HttpVersionRoutingHandler channelRead
INFO: Detected non-HTTP/2 connection.
Aug 28, 2026 10:13:28 AM io.gapi.emulators.netty.HttpVersionRoutingHandler channelRead
INFO: Detected non-HTTP/2 connection.
Aug 28, 2026 10:13:29 AM io.gapi.emulators.netty.HttpVersionRoutingHandler channelRead
INFO: Detected non-HTTP/2 connection.
Aug 28, 2026 10:13:29 AM io.gapi.emulators.netty.HttpVersionRoutingHandler channelRead
INFO: Detected non-HTTP/2 connection.
Aug 28, 2026 10:13:30 AM io.gapi.emulators.netty.HttpVersionRoutingHandler channelRead
INFO: Detected non-HTTP/2 connection.
Aug 28, 2026 10:13:31 AM io.gapi.emulators.netty.HttpVersionRoutingHandler channelRead
INFO: Detected non-HTTP/2 connection.
Aug 28, 2026 10:13:34 AM io.gapi.emulators.netty.HttpVersionRoutingHandler channelRead
INFO: Detected non-HTTP/2 connection.
Aug 28, 2026 10:13:35 AM io.gapi.emulators.netty.HttpVersionRoutingHandler channelRead
INFO: Detected non-HTTP/2 connection.
Aug 28, 2026 10:13:35 AM io.gapi.emulators.netty.HttpVersionRoutingHandler channelRead
INFO: Detected non-HTTP/2 connection.
Aug 28, 2026 10:13:35 AM io.gapi.emulators.netty.HttpVersionRoutingHandler channelRead
INFO: Detected non-HTTP/2 connection.
Aug 28, 2026 10:13:35 AM io.gapi.emulators.netty.HttpVersionRoutingHandler channelRead
INFO: Detected non-HTTP/2 connection.
Aug 28, 2026 10:13:35 AM io.gapi.emulators.netty.HttpVersionRoutingHandler channelRead
INFO: Detected non-HTTP/2 connection.
Aug 28, 2026 10:13:35 AM io.gapi.emulators.netty.HttpVersionRoutingHandler channelRead
INFO: Detected non-HTTP/2 connection.
Aug 28, 2026 10:13:35 AM io.gapi.emulators.netty.HttpVersionRoutingHandler channelRead
INFO: Detected non-HTTP/2 connection.
Aug 28, 2026 10:13:35 AM io.gapi.emulators.netty.HttpVersionRoutingHandler channelRead
INFO: Detected non-HTTP/2 connection.
Aug 28, 2026 10:13:35 AM io.gapi.emulators.netty.HttpVersionRoutingHandler channelRead
INFO: Detected non-HTTP/2 connection.
Aug 28, 2026 10:13:35 AM io.gapi.emulators.netty.HttpVersionRoutingHandler channelRead
INFO: Detected non-HTTP/2 connection.
Aug 28, 2026 10:13:35 AM io.gapi.emulators.netty.HttpVersionRoutingHandler channelRead
INFO: Detected non-HTTP/2 connection.
Aug 28, 2026 10:13:35 AM io.gapi.emulators.netty.HttpVersionRoutingHandler channelRead
INFO: Detected non-HTTP/2 connection.
Aug 28, 2026 10:13:38 AM io.gapi.emulators.netty.HttpVersionRoutingHandler channelRead
INFO: Detected non-HTTP/2 connection.
Aug 28, 2026 10:13:38 AM io.gapi.emulators.netty.HttpVersionRoutingHandler channelRead
INFO: Detected non-HTTP/2 connection.
Aug 28, 2026 10:13:38 AM io.gapi.emulators.netty.HttpVersionRoutingHandler channelRead
INFO: Detected non-HTTP/2 connection.
Aug 28, 2026 10:13:38 AM io.gapi.emulators.netty.HttpVersionRoutingHandler channelRead
INFO: Detected non-HTTP/2 connection.
Aug 28, 2026 10:13:38 AM io.gapi.emulators.netty.HttpVersionRoutingHandler channelRead
INFO: Detected non-HTTP/2 connection.
Aug 28, 2026 10:13:38 AM io.gapi.emulators.netty.HttpVersionRoutingHandler channelRead
INFO: Detected non-HTTP/2 connection.
Aug 28, 2026 10:13:38 AM io.gapi.emulators.netty.HttpVersionRoutingHandler channelRead
INFO: Detected non-HTTP/2 connection.
Aug 28, 2026 10:13:38 AM io.gapi.emulators.netty.HttpVersionRoutingHandler channelRead
INFO: Detected non-HTTP/2 connection.
Aug 28, 2026 10:13:38 AM io.gapi.emulators.netty.HttpVersionRoutingHandler channelRead
INFO: Detected non-HTTP/2 connection.
Aug 28, 2026 10:13:39 AM io.gapi.emulators.netty.HttpVersionRoutingHandler channelRead
INFO: Detected non-HTTP/2 connection.
Aug 28, 2026 10:13:39 AM io.gapi.emulators.netty.HttpVersionRoutingHandler channelRead
INFO: Detected non-HTTP/2 connection.
Aug 28, 2026 10:13:39 AM io.gapi.emulators.netty.HttpVersionRoutingHandler channelRead
INFO: Detected non-HTTP/2 connection.
Aug 28, 2026 10:13:39 AM io.gapi.emulators.netty.HttpVersionRoutingHandler channelRead
INFO: Detected non-HTTP/2 connection.
Aug 28, 2026 10:13:39 AM io.gapi.emulators.netty.HttpVersionRoutingHandler channelRead
INFO: Detected non-HTTP/2 connection.
Aug 28, 2026 10:13:39 AM io.gapi.emulators.netty.HttpVersionRoutingHandler channelRead
INFO: Detected non-HTTP/2 connection.
Aug 28, 2026 10:13:39 AM io.gapi.emulators.netty.HttpVersionRoutingHandler channelRead
INFO: Detected non-HTTP/2 connection.
Aug 28, 2026 10:13:42 AM io.gapi.emulators.netty.HttpVersionRoutingHandler channelRead
INFO: Detected non-HTTP/2 connection.
Aug 28, 2026 10:13:42 AM io.gapi.emulators.netty.HttpVersionRoutingHandler channelRead
INFO: Detected non-HTTP/2 connection.
Aug 28, 2026 10:13:42 AM io.gapi.emulators.netty.HttpVersionRoutingHandler channelRead
INFO: Detected non-HTTP/2 connection.
Aug 28, 2026 10:13:43 AM io.gapi.emulators.netty.HttpVersionRoutingHandler channelRead
INFO: Detected non-HTTP/2 connection.
Aug 28, 2026 10:13:43 AM io.gapi.emulators.netty.HttpVersionRoutingHandler channelRead
INFO: Detected non-HTTP/2 connection.
Aug 28, 2026 10:13:43 AM io.gapi.emulators.netty.HttpVersionRoutingHandler channelRead
INFO: Detected non-HTTP/2 connection.
Aug 28, 2026 10:13:43 AM io.gapi.emulators.netty.HttpVersionRoutingHandler channelRead
INFO: Detected non-HTTP/2 connection.
Aug 28, 2026 10:13:43 AM io.gapi.emulators.netty.HttpVersionRoutingHandler channelRead
INFO: Detected non-HTTP/2 connection.
Aug 28, 2026 10:13:43 AM io.gapi.emulators.netty.HttpVersionRoutingHandler channelRead
INFO: Detected non-HTTP/2 connection.
Aug 28, 2026 10:13:43 AM io.gapi.emulators.netty.HttpVersionRoutingHandler channelRead
INFO: Detected non-HTTP/2 connection.
Aug 28, 2026 10:13:43 AM io.gapi.emulators.netty.HttpVersionRoutingHandler channelRead
INFO: Detected non-HTTP/2 connection.
Aug 28, 2026 10:13:43 AM io.gapi.emulators.netty.HttpVersionRoutingHandler channelRead
INFO: Detected non-HTTP/2 connection.
Aug 28, 2026 10:13:43 AM io.gapi.emulators.netty.HttpVersionRoutingHandler channelRead
INFO: Detected non-HTTP/2 connection.
Aug 28, 2026 10:13:44 AM io.gapi.emulators.netty.HttpVersionRoutingHandler channelRead
INFO: Detected non-HTTP/2 connection.
Aug 28, 2026 10:13:44 AM io.gapi.emulators.netty.HttpVersionRoutingHandler channelRead
INFO: Detected non-HTTP/2 connection.
Aug 28, 2026 10:13:44 AM io.gapi.emulators.netty.HttpVersionRoutingHandler channelRead
INFO: Detected non-HTTP/2 connection.
Aug 28, 2026 10:13:45 AM io.gapi.emulators.netty.HttpVersionRoutingHandler channelRead
INFO: Detected non-HTTP/2 connection.
Aug 28, 2026 10:13:45 AM io.gapi.emulators.netty.HttpVersionRoutingHandler channelRead
INFO: Detected non-HTTP/2 connection.
Aug 28, 2026 10:13:45 AM io.gapi.emulators.netty.HttpVersionRoutingHandler channelRead
INFO: Detected non-HTTP/2 connection.
Aug 28, 2026 10:13:45 AM io.gapi.emulators.netty.HttpVersionRoutingHandler channelRead
INFO: Detected non-HTTP/2 connection.
Aug 28, 2026 10:13:45 AM io.gapi.emulators.netty.HttpVersionRoutingHandler channelRead
INFO: Detected non-HTTP/2 connection.
Aug 28, 2026 10:13:45 AM io.gapi.emulators.netty.HttpVersionRoutingHandler channelRead
INFO: Detected non-HTTP/2 connection.
Aug 28, 2026 10:13:50 AM io.gapi.emulators.netty.HttpVersionRoutingHandler channelRead
INFO: Detected non-HTTP/2 connection.
Aug 28, 2026 10:13:50 AM io.gapi.emulators.netty.HttpVersionRoutingHandler channelRead
INFO: Detected non-HTTP/2 connection.
Aug 28, 2026 10:13:50 AM io.gapi.emulators.netty.HttpVersionRoutingHandler channelRead
INFO: Detected non-HTTP/2 connection.
Aug 28, 2026 10:13:50 AM io.gapi.emulators.netty.HttpVersionRoutingHandler channelRead
INFO: Detected non-HTTP/2 connection.
Aug 28, 2026 10:13:51 AM io.gapi.emulators.netty.HttpVersionRoutingHandler channelRead
INFO: Detected non-HTTP/2 connection.
Aug 28, 2026 10:13:51 AM io.gapi.emulators.netty.HttpVersionRoutingHandler channelRead
INFO: Detected non-HTTP/2 connection.
Aug 28, 2026 10:13:51 AM io.gapi.emulators.netty.HttpVersionRoutingHandler channelRead
INFO: Detected non-HTTP/2 connection.
Aug 28, 2026 10:13:52 AM io.gapi.emulators.netty.HttpVersionRoutingHandler channelRead
INFO: Detected non-HTTP/2 connection.
Aug 28, 2026 10:13:53 AM io.gapi.emulators.netty.HttpVersionRoutingHandler channelRead
INFO: Detected non-HTTP/2 connection.
Aug 28, 2026 10:13:53 AM io.gapi.emulators.netty.HttpVersionRoutingHandler channelRead
INFO: Detected non-HTTP/2 connection.
Aug 28, 2026 10:13:53 AM io.gapi.emulators.netty.HttpVersionRoutingHandler channelRead
INFO: Detected non-HTTP/2 connection.
Aug 28, 2026 10:13:53 AM io.gapi.emulators.netty.HttpVersionRoutingHandler channelRead
INFO: Detected non-HTTP/2 connection.
Aug 28, 2026 10:13:53 AM io.gapi.emulators.netty.HttpVersionRoutingHandler channelRead
INFO: Detected non-HTTP/2 connection.
Aug 28, 2026 10:13:54 AM io.gapi.emulators.netty.HttpVersionRoutingHandler channelRead
INFO: Detected non-HTTP/2 connection.
Aug 28, 2026 10:13:54 AM io.gapi.emulators.netty.HttpVersionRoutingHandler channelRead
INFO: Detected non-HTTP/2 connection.
Aug 28, 2026 10:13:55 AM io.gapi.emulators.netty.HttpVersionRoutingHandler channelRead
INFO: Detected non-HTTP/2 connection.
Aug 28, 2026 10:13:55 AM io.gapi.emulators.netty.HttpVersionRoutingHandler channelRead
INFO: Detected non-HTTP/2 connection.
Aug 28, 2026 10:13:55 AM io.gapi.emulators.netty.HttpVersionRoutingHandler channelRead
INFO: Detected non-HTTP/2 connection.
Aug 28, 2026 10:13:55 AM io.gapi.emulators.netty.HttpVersionRoutingHandler channelRead
INFO: Detected non-HTTP/2 connection.
Aug 28, 2026 10:13:55 AM io.gapi.emulators.netty.HttpVersionRoutingHandler channelRead
INFO: Detected non-HTTP/2 connection.
Aug 28, 2026 10:13:55 AM io.gapi.emulators.netty.HttpVersionRoutingHandler channelRead
INFO: Detected non-HTTP/2 connection.
Aug 28, 2026 10:13:55 AM io.gapi.emulators.netty.HttpVersionRoutingHandler channelRead
INFO: Detected non-HTTP/2 connection.
Aug 28, 2026 10:13:55 AM io.gapi.emulators.netty.HttpVersionRoutingHandler channelRead
INFO: Detected non-HTTP/2 connection.
Aug 28, 2026 10:13:55 AM io.gapi.emulators.netty.HttpVersionRoutingHandler channelRead
INFO: Detected non-HTTP/2 connection.
Aug 28, 2026 10:13:56 AM io.gapi.emulators.netty.HttpVersionRoutingHandler channelRead
INFO: Detected non-HTTP/2 connection.
Aug 28, 2026 10:13:56 AM io.gapi.emulators.netty.HttpVersionRoutingHandler channelRead
INFO: Detected non-HTTP/2 connection.
Aug 28, 2026 10:13:56 AM io.gapi.emulators.netty.HttpVersionRoutingHandler channelRead
INFO: Detected non-HTTP/2 connection.
Aug 28, 2026 10:13:56 AM io.gapi.emulators.netty.HttpVersionRoutingHandler channelRead
INFO: Detected non-HTTP/2 connection.
Aug 28, 2026 10:13:56 AM io.gapi.emulators.netty.HttpVersionRoutingHandler channelRead
INFO: Detected non-HTTP/2 connection.
Aug 28, 2026 10:13:56 AM io.gapi.emulators.netty.HttpVersionRoutingHandler channelRead
INFO: Detected non-HTTP/2 connection.
Aug 28, 2026 10:13:56 AM io.gapi.emulators.netty.HttpVersionRoutingHandler channelRead
INFO: Detected non-HTTP/2 connection.
Aug 28, 2026 10:13:57 AM io.gapi.emulators.netty.HttpVersionRoutingHandler channelRead
INFO: Detected non-HTTP/2 connection.
Aug 28, 2026 10:13:57 AM io.gapi.emulators.netty.HttpVersionRoutingHandler channelRead
INFO: Detected non-HTTP/2 connection.
Aug 28, 2026 10:13:57 AM io.gapi.emulators.netty.HttpVersionRoutingHandler channelRead
INFO: Detected non-HTTP/2 connection.
Aug 28, 2026 10:13:57 AM io.gapi.emulators.netty.HttpVersionRoutingHandler channelRead
INFO: Detected non-HTTP/2 connection.
Aug 28, 2026 10:13:57 AM io.gapi.emulators.netty.HttpVersionRoutingHandler channelRead
INFO: Detected non-HTTP/2 connection.
Aug 28, 2026 10:13:57 AM io.gapi.emulators.netty.HttpVersionRoutingHandler channelRead
INFO: Detected non-HTTP/2 connection.
Aug 28, 2026 10:13:57 AM io.gapi.emulators.netty.HttpVersionRoutingHandler channelRead
INFO: Detected non-HTTP/2 connection.
Aug 28, 2026 10:13:58 AM io.gapi.emulators.netty.HttpVersionRoutingHandler channelRead
INFO: Detected non-HTTP/2 connection.
Aug 28, 2026 10:13:58 AM io.gapi.emulators.netty.HttpVersionRoutingHandler channelRead
INFO: Detected non-HTTP/2 connection.
Aug 28, 2026 10:13:58 AM io.gapi.emulators.netty.HttpVersionRoutingHandler channelRead
INFO: Detected non-HTTP/2 connection.
Aug 28, 2026 10:13:58 AM io.gapi.emulators.netty.HttpVersionRoutingHandler channelRead
INFO: Detected non-HTTP/2 connection.
Aug 28, 2026 10:13:58 AM io.gapi.emulators.netty.HttpVersionRoutingHandler channelRead
INFO: Detected non-HTTP/2 connection.
Aug 28, 2026 10:13:58 AM io.gapi.emulators.netty.HttpVersionRoutingHandler channelRead
INFO: Detected non-HTTP/2 connection.
Aug 28, 2026 10:13:58 AM io.gapi.emulators.netty.HttpVersionRoutingHandler channelRead
INFO: Detected non-HTTP/2 connection.
Aug 28, 2026 10:13:59 AM io.gapi.emulators.netty.HttpVersionRoutingHandler channelRead
INFO: Detected non-HTTP/2 connection.
Aug 28, 2026 10:13:59 AM io.gapi.emulators.netty.HttpVersionRoutingHandler channelRead
INFO: Detected non-HTTP/2 connection.
Aug 28, 2026 10:13:59 AM io.gapi.emulators.netty.HttpVersionRoutingHandler channelRead
INFO: Detected non-HTTP/2 connection.
Aug 28, 2026 10:13:59 AM io.gapi.emulators.netty.HttpVersionRoutingHandler channelRead
INFO: Detected non-HTTP/2 connection.
Aug 28, 2026 10:13:59 AM io.gapi.emulators.netty.HttpVersionRoutingHandler channelRead
INFO: Detected non-HTTP/2 connection.
Aug 28, 2026 10:13:59 AM io.gapi.emulators.netty.HttpVersionRoutingHandler channelRead
INFO: Detected non-HTTP/2 connection.
Aug 28, 2026 10:13:59 AM io.gapi.emulators.netty.HttpVersionRoutingHandler channelRead
INFO: Detected non-HTTP/2 connection.
Aug 28, 2026 10:13:59 AM io.gapi.emulators.netty.HttpVersionRoutingHandler channelRead
INFO: Detected non-HTTP/2 connection.
Aug 28, 2026 10:13:59 AM io.gapi.emulators.netty.HttpVersionRoutingHandler channelRead
INFO: Detected non-HTTP/2 connection.
Aug 28, 2026 10:13:59 AM io.gapi.emulators.netty.HttpVersionRoutingHandler channelRead
INFO: Detected non-HTTP/2 connection.
Aug 28, 2026 10:13:59 AM com.google.cloud.datastore.emulator.firestore.webchannel.FirestoreV1WebChannelAdapter$FirestoreListenHandler onClose
INFO: channel closed
Aug 28, 2026 10:13:59 AM io.gapi.emulators.netty.HttpVersionRoutingHandler channelRead
INFO: Detected non-HTTP/2 connection.
Aug 28, 2026 10:14:00 AM io.gapi.emulators.netty.HttpVersionRoutingHandler channelRead
INFO: Detected non-HTTP/2 connection.
Aug 28, 2026 10:14:00 AM io.gapi.emulators.netty.HttpVersionRoutingHandler channelRead
INFO: Detected non-HTTP/2 connection.
Aug 28, 2026 10:14:00 AM io.gapi.emulators.netty.HttpVersionRoutingHandler channelRead
INFO: Detected non-HTTP/2 connection.
Aug 28, 2026 10:14:00 AM io.gapi.emulators.netty.HttpVersionRoutingHandler channelRead
INFO: Detected non-HTTP/2 connection.
Aug 28, 2026 10:14:00 AM com.google.cloud.datastore.emulator.firestore.webchannel.FirestoreV1WebChannelAdapter$FirestoreListenHandler onClose
INFO: channel closed
Aug 28, 2026 10:14:00 AM io.gapi.emulators.netty.HttpVersionRoutingHandler channelRead
INFO: Detected non-HTTP/2 connection.
Aug 28, 2026 10:14:00 AM io.gapi.emulators.netty.HttpVersionRoutingHandler channelRead
INFO: Detected non-HTTP/2 connection.
Aug 28, 2026 10:14:00 AM io.gapi.emulators.netty.HttpVersionRoutingHandler channelRead
INFO: Detected non-HTTP/2 connection.
Aug 28, 2026 10:14:00 AM io.gapi.emulators.netty.HttpVersionRoutingHandler channelRead
INFO: Detected non-HTTP/2 connection.
Aug 28, 2026 10:14:00 AM com.google.cloud.datastore.emulator.firestore.webchannel.FirestoreV1WebChannelAdapter$FirestoreWriteHandler onClose
INFO: channel closed
Aug 28, 2026 10:14:00 AM io.gapi.emulators.netty.HttpVersionRoutingHandler channelRead
INFO: Detected non-HTTP/2 connection.
Aug 28, 2026 10:14:00 AM io.gapi.emulators.netty.HttpVersionRoutingHandler channelRead
INFO: Detected non-HTTP/2 connection.
Aug 28, 2026 10:14:01 AM io.gapi.emulators.netty.HttpVersionRoutingHandler channelRead
INFO: Detected non-HTTP/2 connection.
Aug 28, 2026 10:14:01 AM io.gapi.emulators.netty.HttpVersionRoutingHandler channelRead
INFO: Detected non-HTTP/2 connection.
Aug 28, 2026 10:14:01 AM io.gapi.emulators.netty.HttpVersionRoutingHandler channelRead
INFO: Detected non-HTTP/2 connection.
Aug 28, 2026 10:14:01 AM io.gapi.emulators.netty.HttpVersionRoutingHandler channelRead
INFO: Detected non-HTTP/2 connection.
Aug 28, 2026 10:14:01 AM io.gapi.emulators.netty.HttpVersionRoutingHandler channelRead
INFO: Detected non-HTTP/2 connection.
Aug 28, 2026 10:14:01 AM io.gapi.emulators.netty.HttpVersionRoutingHandler channelRead
INFO: Detected non-HTTP/2 connection.
Aug 28, 2026 10:14:03 AM io.gapi.emulators.netty.HttpVersionRoutingHandler channelRead
INFO: Detected non-HTTP/2 connection.
Aug 28, 2026 10:14:03 AM io.gapi.emulators.netty.HttpVersionRoutingHandler channelRead
INFO: Detected non-HTTP/2 connection.
Aug 28, 2026 10:14:03 AM io.gapi.emulators.netty.HttpVersionRoutingHandler channelRead
INFO: Detected non-HTTP/2 connection.
Aug 28, 2026 10:14:03 AM io.gapi.emulators.netty.HttpVersionRoutingHandler channelRead
INFO: Detected non-HTTP/2 connection.
Aug 28, 2026 10:14:04 AM io.gapi.emulators.netty.HttpVersionRoutingHandler channelRead
INFO: Detected non-HTTP/2 connection.
Aug 28, 2026 10:14:04 AM io.gapi.emulators.netty.HttpVersionRoutingHandler channelRead
INFO: Detected non-HTTP/2 connection.
Aug 28, 2026 10:14:04 AM io.gapi.emulators.netty.HttpVersionRoutingHandler channelRead
INFO: Detected non-HTTP/2 connection.
Aug 28, 2026 10:14:04 AM io.gapi.emulators.netty.HttpVersionRoutingHandler channelRead
INFO: Detected non-HTTP/2 connection.
Aug 28, 2026 10:14:04 AM io.gapi.emulators.netty.HttpVersionRoutingHandler channelRead
INFO: Detected non-HTTP/2 connection.
Aug 28, 2026 10:14:04 AM io.gapi.emulators.netty.HttpVersionRoutingHandler channelRead
INFO: Detected non-HTTP/2 connection.
Aug 28, 2026 10:14:04 AM io.gapi.emulators.netty.HttpVersionRoutingHandler channelRead
INFO: Detected non-HTTP/2 connection.
Aug 28, 2026 10:14:04 AM io.gapi.emulators.netty.HttpVersionRoutingHandler channelRead
INFO: Detected non-HTTP/2 connection.
Aug 28, 2026 10:14:04 AM io.gapi.emulators.netty.HttpVersionRoutingHandler channelRead
INFO: Detected non-HTTP/2 connection.
Aug 28, 2026 10:14:04 AM io.gapi.emulators.netty.HttpVersionRoutingHandler channelRead
INFO: Detected non-HTTP/2 connection.
Aug 28, 2026 10:14:04 AM io.gapi.emulators.netty.HttpVersionRoutingHandler channelRead
INFO: Detected non-HTTP/2 connection.
Aug 28, 2026 10:14:04 AM io.gapi.emulators.netty.HttpVersionRoutingHandler channelRead
INFO: Detected non-HTTP/2 connection.
Aug 28, 2026 10:14:04 AM io.gapi.emulators.netty.HttpVersionRoutingHandler channelRead
INFO: Detected non-HTTP/2 connection.
Aug 28, 2026 10:14:05 AM io.gapi.emulators.netty.HttpVersionRoutingHandler channelRead
INFO: Detected non-HTTP/2 connection.
Aug 28, 2026 10:14:17 AM io.gapi.emulators.netty.HttpVersionRoutingHandler channelRead
INFO: Detected non-HTTP/2 connection.
Aug 28, 2026 10:14:17 AM io.gapi.emulators.netty.HttpVersionRoutingHandler channelRead
INFO: Detected non-HTTP/2 connection.
Aug 28, 2026 10:14:17 AM io.gapi.emulators.netty.HttpVersionRoutingHandler channelRead
INFO: Detected non-HTTP/2 connection.
Aug 28, 2026 10:14:17 AM io.gapi.emulators.netty.HttpVersionRoutingHandler channelRead
INFO: Detected non-HTTP/2 connection.
Aug 28, 2026 10:14:17 AM io.gapi.emulators.netty.HttpVersionRoutingHandler channelRead
INFO: Detected non-HTTP/2 connection.
Aug 28, 2026 10:14:19 AM io.gapi.emulators.netty.HttpVersionRoutingHandler channelRead
INFO: Detected non-HTTP/2 connection.
Aug 28, 2026 10:14:20 AM io.gapi.emulators.netty.HttpVersionRoutingHandler channelRead
INFO: Detected non-HTTP/2 connection.
Aug 28, 2026 10:14:20 AM io.gapi.emulators.netty.HttpVersionRoutingHandler channelRead
INFO: Detected non-HTTP/2 connection.
Aug 28, 2026 10:14:20 AM io.gapi.emulators.netty.HttpVersionRoutingHandler channelRead
INFO: Detected non-HTTP/2 connection.
Aug 28, 2026 10:14:21 AM io.gapi.emulators.netty.HttpVersionRoutingHandler channelRead
INFO: Detected non-HTTP/2 connection.
Aug 28, 2026 10:14:21 AM io.gapi.emulators.netty.HttpVersionRoutingHandler channelRead
INFO: Detected non-HTTP/2 connection.
Aug 28, 2026 10:14:21 AM io.gapi.emulators.netty.HttpVersionRoutingHandler channelRead
INFO: Detected non-HTTP/2 connection.
Aug 28, 2026 10:14:21 AM io.gapi.emulators.netty.HttpVersionRoutingHandler channelRead
INFO: Detected non-HTTP/2 connection.
Aug 28, 2026 10:14:21 AM io.gapi.emulators.netty.HttpVersionRoutingHandler channelRead
INFO: Detected non-HTTP/2 connection.
Aug 28, 2026 10:14:21 AM io.gapi.emulators.netty.HttpVersionRoutingHandler channelRead
INFO: Detected non-HTTP/2 connection.
Aug 28, 2026 10:14:21 AM io.gapi.emulators.netty.HttpVersionRoutingHandler channelRead
INFO: Detected non-HTTP/2 connection.
Aug 28, 2026 10:14:21 AM io.gapi.emulators.netty.HttpVersionRoutingHandler channelRead
INFO: Detected non-HTTP/2 connection.
Aug 28, 2026 10:14:21 AM io.gapi.emulators.netty.HttpVersionRoutingHandler channelRead
INFO: Detected non-HTTP/2 connection.
Aug 28, 2026 10:14:21 AM io.gapi.emulators.netty.HttpVersionRoutingHandler channelRead
INFO: Detected non-HTTP/2 connection.
Aug 28, 2026 10:14:22 AM io.gapi.emulators.netty.HttpVersionRoutingHandler channelRead
INFO: Detected non-HTTP/2 connection.
Aug 28, 2026 10:14:22 AM io.gapi.emulators.netty.HttpVersionRoutingHandler channelRead
INFO: Detected non-HTTP/2 connection.
Aug 28, 2026 10:14:22 AM io.gapi.emulators.netty.HttpVersionRoutingHandler channelRead
INFO: Detected non-HTTP/2 connection.
Aug 28, 2026 10:14:22 AM io.gapi.emulators.netty.HttpVersionRoutingHandler channelRead
INFO: Detected non-HTTP/2 connection.
Aug 28, 2026 10:14:23 AM io.gapi.emulators.netty.HttpVersionRoutingHandler channelRead
INFO: Detected non-HTTP/2 connection.
Aug 28, 2026 10:14:23 AM io.gapi.emulators.netty.HttpVersionRoutingHandler channelRead
INFO: Detected non-HTTP/2 connection.
Aug 28, 2026 10:14:23 AM io.gapi.emulators.netty.HttpVersionRoutingHandler channelRead
INFO: Detected non-HTTP/2 connection.
Aug 28, 2026 10:14:23 AM io.gapi.emulators.netty.HttpVersionRoutingHandler channelRead
INFO: Detected non-HTTP/2 connection.
Aug 28, 2026 10:14:23 AM io.gapi.emulators.netty.HttpVersionRoutingHandler channelRead
INFO: Detected non-HTTP/2 connection.
Aug 28, 2026 10:14:23 AM io.gapi.emulators.netty.HttpVersionRoutingHandler channelRead
INFO: Detected non-HTTP/2 connection.
Aug 28, 2026 10:14:23 AM io.gapi.emulators.netty.HttpVersionRoutingHandler channelRead
INFO: Detected non-HTTP/2 connection.
Aug 28, 2026 10:14:23 AM io.gapi.emulators.netty.HttpVersionRoutingHandler channelRead
INFO: Detected non-HTTP/2 connection.
Aug 28, 2026 10:14:23 AM io.gapi.emulators.netty.HttpVersionRoutingHandler channelRead
INFO: Detected non-HTTP/2 connection.
Aug 28, 2026 10:14:24 AM io.gapi.emulators.netty.HttpVersionRoutingHandler channelRead
INFO: Detected non-HTTP/2 connection.
Aug 28, 2026 10:14:25 AM io.gapi.emulators.netty.HttpVersionRoutingHandler channelRead
INFO: Detected non-HTTP/2 connection.
Aug 28, 2026 10:14:25 AM io.gapi.emulators.netty.HttpVersionRoutingHandler channelRead
INFO: Detected non-HTTP/2 connection.
Aug 28, 2026 10:14:27 AM io.gapi.emulators.netty.HttpVersionRoutingHandler channelRead
INFO: Detected non-HTTP/2 connection.
Aug 28, 2026 10:14:27 AM io.gapi.emulators.netty.HttpVersionRoutingHandler channelRead
INFO: Detected non-HTTP/2 connection.
Aug 28, 2026 10:14:27 AM io.gapi.emulators.netty.HttpVersionRoutingHandler channelRead
INFO: Detected non-HTTP/2 connection.
Aug 28, 2026 10:14:27 AM io.gapi.emulators.netty.HttpVersionRoutingHandler channelRead
INFO: Detected non-HTTP/2 connection.
Aug 28, 2026 10:14:27 AM io.gapi.emulators.netty.HttpVersionRoutingHandler channelRead
INFO: Detected non-HTTP/2 connection.
Aug 28, 2026 10:14:29 AM io.gapi.emulators.netty.HttpVersionRoutingHandler channelRead
INFO: Detected non-HTTP/2 connection.
Aug 28, 2026 10:14:29 AM io.gapi.emulators.netty.HttpVersionRoutingHandler channelRead
INFO: Detected non-HTTP/2 connection.
Aug 28, 2026 10:14:29 AM io.gapi.emulators.netty.HttpVersionRoutingHandler channelRead
INFO: Detected non-HTTP/2 connection.
Aug 28, 2026 10:14:30 AM io.gapi.emulators.netty.HttpVersionRoutingHandler channelRead
INFO: Detected non-HTTP/2 connection.
Aug 28, 2026 10:14:30 AM com.google.cloud.datastore.emulator.impl.util.WrappedStreamObserver onError
WARNING: Operation failed: 
evaluation error at L598:24 for 'create' @ L598, false for 'create' @ L1179, evaluation error at L610:24 for 'update' @ L610, false for 'update' @ L1179, false for 'create' @ L598, false for 'create' @ L1179
com.google.cloud.datastore.core.exception.DatastoreException: 
evaluation error at L598:24 for 'create' @ L598, false for 'create' @ L1179, evaluation error at L610:24 for 'update' @ L610, false for 'update' @ L1179, false for 'create' @ L598, false for 'create' @ L1179
	at com.google.cloud.datastore.core.exception.DatastoreException$Builder.build(DatastoreException.java:152)
	at com.google.cloud.datastore.emulator.impl.rules.DefaultEmulatorRulesAuthorizer.verboseError(DefaultEmulatorRulesAuthorizer.java:349)
	at com.google.cloud.datastore.emulator.impl.rules.DefaultEmulatorRulesAuthorizer.withVerboseErrors(DefaultEmulatorRulesAuthorizer.java:326)
	at com.google.cloud.datastore.emulator.impl.rules.DefaultEmulatorRulesAuthorizer.checkCommit(DefaultEmulatorRulesAuthorizer.java:113)
	at com.google.cloud.datastore.emulator.impl.firestore.FirestoreEmulatorHelper.commitHelper(FirestoreEmulatorHelper.java:407)
	at com.google.cloud.datastore.emulator.impl.firestore.FirestoreEmulatorHelper.internalCommit(FirestoreEmulatorHelper.java:348)
	at com.google.cloud.datastore.emulator.impl.firestore.CloudFirestoreV1.internalCommit(CloudFirestoreV1.java:1336)
	at com.google.cloud.datastore.emulator.impl.firestore.CloudFirestoreV1.write(CloudFirestoreV1.java:1321)
	at com.google.cloud.datastore.emulator.impl.firestore.CloudFirestoreV1WriteStream.handleRequest(CloudFirestoreV1WriteStream.java:222)
	at com.google.cloud.datastore.emulator.impl.firestore.CloudFirestoreV1WriteStream.write(CloudFirestoreV1WriteStream.java:144)
	at com.google.cloud.datastore.emulator.impl.firestore.CloudFirestoreV1WriteStream.onNext(CloudFirestoreV1WriteStream.java:99)
	at com.google.cloud.datastore.emulator.impl.firestore.CloudFirestoreV1WriteStream.onNext(CloudFirestoreV1WriteStream.java:27)
	at com.google.cloud.datastore.emulator.firestore.webchannel.FirestoreV1WebChannelAdapter$FirestoreWriteHandler.onMessage(FirestoreV1WebChannelAdapter.java:160)
	at com.google.cloud.datastore.emulator.firestore.webchannel.FirestoreV1WebChannelAdapter$FirestoreWriteHandler.onMessage(FirestoreV1WebChannelAdapter.java:130)
	at com.google.net.webchannel.server.v8.ChannelInternalImpl.onMessage(ChannelInternalImpl.java:525)
	at com.google.net.webchannel.server.v8.ForwardChannel.deliverMessage(ForwardChannel.java:115)
	at com.google.net.webchannel.server.v8.ForwardChannel.processPendingRequest(ForwardChannel.java:94)
	at com.google.net.webchannel.server.v8.ForwardChannel.consume(ForwardChannel.java:68)
	at com.google.net.webchannel.server.v8.ForwardChannel.add(ForwardChannel.java:61)
	at com.google.net.webchannel.server.v8.ChannelInternalImpl.handleRequestBody(ChannelInternalImpl.java:290)
	at com.google.net.webchannel.server.v8.ChannelInternalImpl.processSessionRequest(ChannelInternalImpl.java:357)
	at com.google.net.webchannel.server.v8.ChannelInternalImpl.handle(ChannelInternalImpl.java:172)
	at com.google.net.webchannel.server.v8.ChannelInternalImpl.consume(ChannelInternalImpl.java:91)
	at com.google.net.webchannel.server.common.ChannelProcessor.run(ChannelProcessor.java:85)

Aug 28, 2026 10:14:30 AM io.gapi.emulators.netty.HttpVersionRoutingHandler channelRead
INFO: Detected non-HTTP/2 connection.
Aug 28, 2026 10:14:30 AM com.google.cloud.datastore.emulator.firestore.webchannel.FirestoreV1WebChannelAdapter$FirestoreWriteHandler onClose
INFO: channel closed
*** shutting down gRPC server since JVM is shutting down
*** server shut down
260828 